SEASON_ID,Player_ID,Game_ID,GAME_DATE,MATCHUP,WL,MIN,FGM,FGA,FG_PCT,FG3M,FG3A,FG3_PCT,FTM,FTA,FT_PCT,OREB,DREB,REB,AST,STL,BLK,TOV,PF,PTS,PLUS_MINUS,VIDEO_AVAILABLE,PLAYER_NAME
22025,2544,0022500791,"Feb 12, 2026",LAL vs. DAL,W,35,10,20,0.5,2,7,0.286,6,7,0.857,0,10,10,12,0,1,4,0,28,6,1,LeBron James
22025,2544,0022500769,"Feb 09, 2026",LAL vs. OKC,L,36,9,17,0.529,0,4,0.0,4,6,0.667,1,5,6,10,1,0,3,1,22,-7,1,LeBron James
22025,2544,0022500753,"Feb 07, 2026",LAL vs. GSW,W,35,6,17,0.353,2,7,0.286,6,7,0.857,0,7,7,10,1,1,7,1,20,7,1,LeBron James
22025,2544,0022500740,"Feb 05, 2026",LAL vs. PHI,W,37,7,17,0.412,0,3,0.0,3,3,1.0,0,4,4,10,0,1,8,1,17,-5,1,LeBron James
22025,2544,0022500719,"Feb 03, 2026",LAL @ BKN,W,30,10,16,0.625,0,3,0.0,5,7,0.714,1,2,3,7,3,0,1,1,25,24,1,LeBron James
22025,2544,0022500708,"Feb 01, 2026",LAL @ NYK,L,35,9,15,0.6,2,6,0.333,2,6,0.333,1,4,5,6,1,0,1,0,22,-17,1,LeBron James
22025,2544,0022500688,"Jan 30, 2026",LAL @ WAS,W,30,8,16,0.5,2,3,0.667,2,2,1.0,0,3,3,6,2,0,3,1,20,25,1,LeBron James
22025,2544,0022500671,"Jan 28, 2026",LAL @ CLE,L,27,3,10,0.3,0,3,0.0,5,6,0.833,1,2,3,5,1,0,6,3,11,-23,1,LeBron James
22025,2544,0022500661,"Jan 26, 2026",LAL @ CHI,W,33,9,19,0.474,1,4,0.25,5,6,0.833,0,5,5,3,1,0,2,3,24,-14,1,LeBron James
22025,2544,0022500648,"Jan 24, 2026",LAL @ DAL,W,37,8,16,0.5,1,3,0.333,0,0,0.0,2,6,8,5,1,1,1,2,17,-8,1,LeBron James
22025,2544,0022500633,"Jan 22, 2026",LAL @ LAC,L,36,9,19,0.474,1,4,0.25,4,5,0.8,0,5,5,6,2,0,4,1,23,-7,1,LeBron James
22025,2544,0022500617,"Jan 20, 2026",LAL @ DEN,W,34,8,15,0.533,1,1,1.0,2,6,0.333,1,8,9,8,0,0,6,2,19,13,1,LeBron James
22025,2544,0022500607,"Jan 18, 2026",LAL vs. TOR,W,32,9,17,0.529,2,4,0.5,4,4,1.0,2,2,4,7,0,2,3,0,24,18,1,LeBron James
22025,2544,0022500601,"Jan 17, 2026",LAL @ POR,L,32,6,16,0.375,1,3,0.333,7,7,1.0,1,8,9,8,1,2,4,2,20,-16,1,LeBron James
22025,2544,0022500586,"Jan 15, 2026",LAL vs. CHA,L,33,10,19,0.526,3,6,0.5,6,7,0.857,2,7,9,6,2,1,3,0,29,-7,1,LeBron James
22025,2544,0022500569,"Jan 13, 2026",LAL vs. ATL,W,33,12,20,0.6,2,4,0.5,5,6,0.833,1,8,9,10,1,1,4,1,31,17,1,LeBron James
22025,2544,0022500562,"Jan 12, 2026",LAL @ SAC,L,33,8,17,0.471,0,5,0.0,6,6,1.0,0,4,4,3,1,0,3,1,22,-9,1,LeBron James
22025,2544,0022500541,"Jan 09, 2026",LAL vs. MIL,L,33,10,21,0.476,2,7,0.286,4,6,0.667,1,8,9,10,3,0,3,1,26,8,1,LeBron James
22025,2544,0022500514,"Jan 06, 2026",LAL @ NOP,W,33,10,19,0.526,3,5,0.6,7,7,1.0,0,8,8,8,2,1,1,2,30,10,1,LeBron James
22025,2544,0022500501,"Jan 04, 2026",LAL vs. MEM,W,37,8,14,0.571,2,7,0.286,8,10,0.8,0,7,7,10,1,0,1,2,26,6,1,LeBron James
22025,2544,0022500485,"Jan 02, 2026",LAL vs. MEM,W,36,12,18,0.667,1,5,0.2,6,6,1.0,0,9,9,6,0,0,4,3,31,11,1,LeBron James
22025,2544,0022500460,"Dec 30, 2025",LAL vs. DET,L,32,6,17,0.353,3,10,0.3,2,5,0.4,0,4,4,4,1,1,5,1,17,-16,1,LeBron James
22025,2544,0022500446,"Dec 28, 2025",LAL vs. SAC,W,29,11,13,0.846,1,2,0.5,1,1,1.0,1,2,3,5,2,0,2,0,24,20,1,LeBron James
22025,2544,0022500012,"Dec 25, 2025",LAL vs. HOU,L,32,7,13,0.538,1,3,0.333,3,4,0.75,0,2,2,5,2,1,3,3,18,-33,1,LeBron James
22025,2544,0022500418,"Dec 23, 2025",LAL @ PHX,L,26,7,14,0.5,3,5,0.6,6,11,0.545,0,2,2,6,0,0,0,0,23,-18,1,LeBron James
22025,2544,0022500395,"Dec 20, 2025",LAL @ LAC,L,38,15,28,0.536,3,7,0.429,3,5,0.6,1,3,4,3,2,1,3,1,36,-6,1,LeBron James
22025,2544,0022500379,"Dec 18, 2025",LAL @ UTA,W,33,8,17,0.471,0,5,0.0,12,13,0.923,1,6,7,10,1,0,2,1,28,-6,1,LeBron James
22025,2544,0022501228,"Dec 14, 2025",LAL @ PHX,W,36,8,17,0.471,1,5,0.2,9,14,0.643,1,2,3,4,2,2,8,3,26,8,1,LeBron James
22025,2544,0022501204,"Dec 10, 2025",LAL vs. SAS,L,36,7,14,0.5,0,3,0.0,5,6,0.833,1,14,15,8,0,3,3,2,19,-16,1,LeBron James
22025,2544,0022500362,"Dec 07, 2025",LAL @ PHI,W,34,12,17,0.706,4,6,0.667,1,2,0.5,1,6,7,6,1,1,2,1,29,1,1,LeBron James
22025,2544,0022500336,"Dec 04, 2025",LAL @ TOR,W,36,4,17,0.235,0,5,0.0,0,0,0.0,1,5,6,11,0,0,0,1,8,-1,1,LeBron James
22025,2544,0022500317,"Dec 01, 2025",LAL vs. PHX,L,31,3,10,0.3,1,4,0.25,3,4,0.75,0,0,0,3,0,0,3,2,10,-6,1,LeBron James
22025,2544,0022500078,"Nov 28, 2025",LAL vs. DAL,W,34,5,13,0.385,2,6,0.333,1,4,0.25,1,4,5,7,1,0,2,1,13,13,1,LeBron James
22025,2544,0022500059,"Nov 25, 2025",LAL vs. LAC,W,32,9,15,0.6,2,5,0.4,5,6,0.833,1,5,6,6,1,1,3,3,25,18,1,LeBron James
22025,2544,0022500282,"Nov 23, 2025",LAL @ UTA,W,34,8,18,0.444,0,4,0.0,1,2,0.5,0,6,6,8,1,0,2,2,17,-14,1,LeBron James
22025,2544,0022500253,"Nov 18, 2025",LAL vs. UTA,W,30,4,7,0.571,2,3,0.667,1,4,0.25,1,2,3,12,1,0,1,0,11,1,1,LeBron James
22025,201939,0022500696,"Jan 30, 2026",GSW vs. DET,L,25,7,16,0.438,4,10,0.4,5,5,1.0,0,1,1,2,0,1,4,0,23,-5,1,Stephen Curry
22025,201939,0022500678,"Jan 28, 2026",GSW @ UTA,W,28,7,14,0.5,4,10,0.4,9,10,0.9,0,1,1,2,2,0,5,1,27,16,1,Stephen Curry
22025,201939,0022500644,"Jan 25, 2026",GSW @ MIN,W,28,7,18,0.389,3,10,0.3,9,9,1.0,1,1,2,7,4,0,2,1,26,16,1,Stephen Curry
22025,201939,0022500630,"Jan 22, 2026",GSW @ DAL,L,34,14,27,0.519,8,15,0.533,2,2,1.0,0,4,4,1,0,0,2,2,38,-24,1,Stephen Curry
22025,201939,0022500618,"Jan 20, 2026",GSW vs. TOR,L,25,6,16,0.375,2,7,0.286,2,3,0.667,0,3,3,3,1,0,1,1,16,-25,1,Stephen Curry
22025,201939,0022500612,"Jan 19, 2026",GSW vs. MIA,W,28,6,13,0.462,5,10,0.5,2,2,1.0,0,3,3,11,0,0,3,5,19,3,1,Stephen Curry
22025,201939,0022500599,"Jan 17, 2026",GSW vs. CHA,W,30,6,12,0.5,2,8,0.25,0,0,0.0,1,2,3,5,0,0,3,0,14,2,1,Stephen Curry
22025,201939,0022500584,"Jan 15, 2026",GSW vs. NYK,W,34,10,17,0.588,4,9,0.444,3,3,1.0,0,3,3,7,1,1,3,1,27,3,1,Stephen Curry
22025,201939,0022500570,"Jan 13, 2026",GSW vs. POR,W,25,2,9,0.222,2,8,0.25,1,1,1.0,0,4,4,11,1,0,1,1,7,8,1,Stephen Curry
22025,201939,0022500556,"Jan 11, 2026",GSW vs. ATL,L,33,11,21,0.524,3,11,0.273,6,6,1.0,0,3,3,5,0,0,3,2,31,-9,1,Stephen Curry
22025,201939,0022500539,"Jan 09, 2026",GSW vs. SAC,W,32,10,21,0.476,6,12,0.5,1,1,1.0,0,0,0,10,1,2,2,0,27,14,1,Stephen Curry
22025,201939,0022500526,"Jan 07, 2026",GSW vs. MIL,W,34,12,21,0.571,3,9,0.333,4,5,0.8,0,6,6,7,0,0,1,0,31,16,1,Stephen Curry
22025,201939,0022500508,"Jan 05, 2026",GSW @ LAC,L,34,9,23,0.391,4,15,0.267,5,5,1.0,1,3,4,6,3,0,1,6,27,5,1,Stephen Curry
22025,201939,0022500492,"Jan 03, 2026",GSW vs. UTA,W,34,8,18,0.444,6,12,0.5,9,9,1.0,0,2,2,5,1,0,2,2,31,5,1,Stephen Curry
22025,201939,0022500462,"Dec 31, 2025",GSW @ CHA,W,33,9,16,0.563,5,10,0.5,3,3,1.0,0,2,2,4,0,1,5,4,26,11,1,Stephen Curry
22025,201939,0022500449,"Dec 29, 2025",GSW @ BKN,W,29,8,15,0.533,5,12,0.417,6,7,0.857,0,2,2,5,1,0,2,1,27,-6,1,Stephen Curry
22025,201939,0022500441,"Dec 28, 2025",GSW @ TOR,L,41,12,30,0.4,4,11,0.364,11,11,1.0,2,1,3,4,1,1,4,2,39,0,1,Stephen Curry
22025,201939,0022500011,"Dec 25, 2025",GSW vs. DAL,W,33,6,18,0.333,2,10,0.2,9,9,1.0,1,2,3,4,0,0,3,3,23,-3,1,Stephen Curry
22025,201939,0022500407,"Dec 22, 2025",GSW vs. ORL,W,31,10,23,0.435,4,13,0.308,2,2,1.0,0,3,3,6,2,0,3,1,26,17,1,Stephen Curry
22025,201939,0022500392,"Dec 20, 2025",GSW vs. PHX,W,35,9,19,0.474,4,11,0.364,6,7,0.857,2,8,10,6,1,0,4,2,28,13,1,Stephen Curry
22025,201939,0022500378,"Dec 18, 2025",GSW @ PHX,L,33,3,13,0.231,2,9,0.222,7,7,1.0,1,8,9,7,1,0,2,1,15,-12,1,Stephen Curry
22025,201939,0022501221,"Dec 14, 2025",GSW @ POR,L,35,16,26,0.615,12,19,0.632,4,4,1.0,0,3,3,2,3,1,3,0,48,-8,1,Stephen Curry
22025,201939,0022501215,"Dec 12, 2025",GSW vs. MIN,L,32,14,28,0.5,6,15,0.4,5,7,0.714,2,3,5,5,0,0,2,3,39,-3,1,Stephen Curry
22025,201939,0022500066,"Nov 26, 2025",GSW vs. HOU,L,33,4,13,0.308,2,9,0.222,4,4,1.0,1,5,6,5,0,2,7,4,14,5,1,Stephen Curry
22025,201939,0022500291,"Nov 24, 2025",GSW vs. UTA,W,29,12,24,0.5,6,17,0.353,1,1,1.0,1,3,4,2,1,2,3,0,31,4,1,Stephen Curry
22025,201939,0022500056,"Nov 21, 2025",GSW vs. POR,L,34,14,23,0.609,9,17,0.529,1,1,1.0,0,2,2,4,0,0,3,2,38,-3,1,Stephen Curry
22025,201939,0022500249,"Nov 18, 2025",GSW @ ORL,L,34,12,23,0.522,7,15,0.467,3,5,0.6,0,3,3,9,3,0,5,2,34,-3,1,Stephen Curry
22025,201939,0022500237,"Nov 16, 2025",GSW @ NOP,W,28,2,11,0.182,1,6,0.167,4,5,0.8,1,4,5,3,0,0,4,3,9,18,1,Stephen Curry
22025,201939,0022500047,"Nov 14, 2025",GSW @ SAS,W,36,16,26,0.615,9,17,0.529,8,8,1.0,0,4,4,2,2,0,3,2,49,9,1,Stephen Curry
22025,201939,0022500220,"Nov 12, 2025",GSW @ SAS,W,34,13,25,0.52,5,16,0.313,15,16,0.938,0,5,5,5,2,0,1,2,46,5,1,Stephen Curry
22025,201939,0022500210,"Nov 11, 2025",GSW @ OKC,L,20,4,13,0.308,1,5,0.2,2,3,0.667,0,1,1,0,1,0,1,5,11,-23,1,Stephen Curry
22025,201939,0022500169,"Nov 04, 2025",GSW vs. PHX,W,34,9,23,0.391,5,12,0.417,5,5,1.0,1,3,4,3,1,1,2,3,28,7,1,Stephen Curry
22025,201939,0022500144,"Nov 01, 2025",GSW @ IND,L,29,8,23,0.348,4,16,0.25,4,5,0.8,0,0,0,2,1,0,5,2,24,-21,1,Stephen Curry
22025,201939,0022500139,"Oct 30, 2025",GSW @ MIL,L,35,8,19,0.421,4,10,0.4,7,8,0.875,0,6,6,4,1,0,5,2,27,-6,1,Stephen Curry
22025,201939,0022500127,"Oct 28, 2025",GSW vs. LAC,W,26,7,15,0.467,2,8,0.25,3,3,1.0,0,2,2,8,2,0,2,1,19,16,1,Stephen Curry
22025,201939,0022500121,"Oct 27, 2025",GSW vs. MEM,W,30,5,11,0.455,4,9,0.444,2,2,1.0,0,4,4,3,0,0,1,2,16,17,1,Stephen Curry
22025,201939,0022500097,"Oct 24, 2025",GSW @ POR,L,27,12,22,0.545,7,14,0.5,4,4,1.0,1,5,6,3,1,2,4,1,35,-13,1,Stephen Curry
22025,201939,0022500006,"Oct 23, 2025",GSW vs. DEN,W,37,14,25,0.56,6,12,0.5,8,8,1.0,0,6,6,7,3,1,2,1,42,15,1,Stephen Curry
22025,201939,0022500002,"Oct 21, 2025",GSW @ LAL,W,32,6,14,0.429,3,9,0.333,8,8,1.0,0,1,1,4,3,1,2,3,23,1,1,Stephen Curry
22025,1628983,0022500723,"Feb 03, 2026",OKC vs. ORL,W,28,8,22,0.364,1,3,0.333,3,4,0.75,3,2,5,9,2,0,3,2,20,23,1,Shai Gilgeous-Alexander
22025,1628983,0022500711,"Feb 01, 2026",OKC @ DEN,W,33,11,16,0.688,1,2,0.5,11,13,0.846,1,4,5,13,2,1,4,2,34,22,1,Shai Gilgeous-Alexander
22025,1628983,0022500686,"Jan 29, 2026",OKC @ MIN,L,31,12,18,0.667,1,2,0.5,5,5,1.0,0,6,6,8,1,0,5,3,30,-22,1,Shai Gilgeous-Alexander
22025,1628983,0022500667,"Jan 27, 2026",OKC vs. NOP,W,36,8,22,0.364,0,3,0.0,13,14,0.929,1,5,6,4,0,0,3,3,29,14,1,Shai Gilgeous-Alexander
22025,1628983,0022500653,"Jan 25, 2026",OKC vs. TOR,L,35,8,11,0.727,0,1,0.0,8,10,0.8,0,3,3,6,1,2,2,2,24,-3,1,Shai Gilgeous-Alexander
22025,1628983,0022500641,"Jan 23, 2026",OKC vs. IND,L,35,17,28,0.607,1,4,0.25,12,12,1.0,1,3,4,4,1,1,1,2,47,4,1,Shai Gilgeous-Alexander
22025,1628983,0022500625,"Jan 21, 2026",OKC @ MIL,W,33,16,19,0.842,2,2,1.0,6,7,0.857,2,5,7,11,1,0,2,0,40,19,1,Shai Gilgeous-Alexander
22025,1628983,0022500015,"Jan 19, 2026",OKC @ CLE,W,34,12,20,0.6,1,4,0.25,5,5,1.0,0,1,1,3,1,2,0,2,30,17,1,Shai Gilgeous-Alexander
22025,1628983,0022500597,"Jan 17, 2026",OKC @ MIA,L,36,12,19,0.632,2,3,0.667,13,13,1.0,2,2,4,3,1,0,2,4,39,-1,1,Shai Gilgeous-Alexander
22025,1628983,0022500581,"Jan 15, 2026",OKC @ HOU,W,33,6,11,0.545,1,3,0.333,7,8,0.875,0,2,2,4,0,2,5,1,20,15,1,Shai Gilgeous-Alexander
22025,1628983,0022500568,"Jan 13, 2026",OKC vs. SAS,W,34,11,23,0.478,1,4,0.25,11,13,0.846,0,5,5,5,0,4,2,2,34,29,1,Shai Gilgeous-Alexander
22025,1628983,0022500553,"Jan 11, 2026",OKC vs. MIA,W,32,10,19,0.526,2,6,0.333,7,9,0.778,1,4,5,8,1,1,3,4,29,8,1,Shai Gilgeous-Alexander
22025,1628983,0022500525,"Jan 07, 2026",OKC vs. UTA,W,42,14,26,0.538,1,8,0.125,17,19,0.895,0,6,6,6,1,1,0,1,46,9,1,Shai Gilgeous-Alexander
22025,1628983,0022500506,"Jan 05, 2026",OKC vs. CHA,L,30,7,21,0.333,1,6,0.167,6,6,1.0,0,2,2,6,0,1,2,2,21,-20,1,Shai Gilgeous-Alexander
22025,1628983,0022500499,"Jan 04, 2026",OKC @ PHX,L,36,8,22,0.364,1,5,0.2,8,9,0.889,0,0,0,6,0,0,3,3,25,-5,1,Shai Gilgeous-Alexander
22025,1628983,0022500484,"Jan 02, 2026",OKC @ GSW,W,28,10,20,0.5,3,5,0.6,7,7,1.0,0,1,1,7,0,0,3,1,30,26,1,Shai Gilgeous-Alexander
22025,1628983,0022500470,"Dec 31, 2025",OKC vs. POR,W,29,11,15,0.733,1,2,0.5,7,7,1.0,0,2,2,6,4,0,0,3,30,22,1,Shai Gilgeous-Alexander
22025,1628983,0022500455,"Dec 29, 2025",OKC vs. ATL,W,36,15,24,0.625,2,5,0.4,7,7,1.0,1,5,6,6,2,0,3,1,39,16,1,Shai Gilgeous-Alexander
22025,1628983,0022500442,"Dec 28, 2025",OKC vs. PHI,W,29,10,13,0.769,0,2,0.0,7,9,0.778,0,2,2,5,2,0,1,0,27,19,1,Shai Gilgeous-Alexander
22025,1628983,0022500010,"Dec 25, 2025",OKC vs. SAS,L,36,7,19,0.368,1,6,0.167,7,8,0.875,1,5,6,4,1,0,0,2,22,-15,1,Shai Gilgeous-Alexander
22025,1628983,0022500417,"Dec 23, 2025",OKC @ SAS,L,35,14,22,0.636,1,4,0.25,4,5,0.8,1,2,3,8,0,0,2,2,33,-17,1,Shai Gilgeous-Alexander
22025,1628983,0022500406,"Dec 22, 2025",OKC vs. MEM,W,36,11,20,0.55,3,4,0.75,6,6,1.0,0,10,10,8,4,1,5,3,31,13,1,Shai Gilgeous-Alexander
22025,1628983,0022500385,"Dec 19, 2025",OKC @ MIN,L,37,12,26,0.462,3,7,0.429,8,8,1.0,0,5,5,7,2,2,3,3,35,5,1,Shai Gilgeous-Alexander
22025,1628983,0022500369,"Dec 18, 2025",OKC vs. LAC,W,29,13,24,0.542,2,6,0.333,4,6,0.667,2,5,7,6,2,2,1,3,32,10,1,Shai Gilgeous-Alexander
22025,1628983,0022501230,"Dec 13, 2025",OKC vs. SAS,L,37,12,23,0.522,1,7,0.143,4,4,1.0,0,4,4,5,0,1,5,4,29,2,1,Shai Gilgeous-Alexander
22025,1628983,0022501203,"Dec 10, 2025",OKC vs. PHX,W,27,11,15,0.733,3,4,0.75,3,3,1.0,0,2,2,8,2,1,4,0,28,43,1,Shai Gilgeous-Alexander
22025,1628983,0022500349,"Dec 05, 2025",OKC vs. DAL,W,29,10,12,0.833,2,2,1.0,11,12,0.917,0,5,5,6,0,1,2,4,33,24,1,Shai Gilgeous-Alexander
22025,1628983,0022500323,"Dec 02, 2025",OKC @ GSW,W,36,13,21,0.619,5,6,0.833,7,10,0.7,0,3,3,4,1,0,0,2,38,10,1,Shai Gilgeous-Alexander
22025,1628983,0022500305,"Nov 30, 2025",OKC @ POR,W,36,8,15,0.533,0,3,0.0,10,12,0.833,1,3,4,5,1,0,3,3,26,2,1,Shai Gilgeous-Alexander
22025,1628983,0022500075,"Nov 28, 2025",OKC vs. PHX,W,36,10,20,0.5,3,5,0.6,14,17,0.824,0,3,3,8,1,0,1,2,37,8,1,Shai Gilgeous-Alexander
22025,1628983,0022500064,"Nov 26, 2025",OKC vs. MIN,W,37,12,19,0.632,1,2,0.5,15,17,0.882,0,6,6,6,3,0,1,3,40,12,1,Shai Gilgeous-Alexander
22025,1628983,0022500280,"Nov 23, 2025",OKC vs. POR,W,30,13,18,0.722,2,3,0.667,9,9,1.0,2,3,5,7,2,0,1,3,37,27,1,Shai Gilgeous-Alexander
22025,1628983,0022500055,"Nov 21, 2025",OKC @ UTA,W,30,9,14,0.643,3,3,1.0,10,12,0.833,0,2,2,8,1,1,2,1,31,14,1,Shai Gilgeous-Alexander
22025,1628983,0022500261,"Nov 19, 2025",OKC vs. SAC,W,36,12,24,0.5,1,3,0.333,8,10,0.8,2,6,8,3,2,0,3,0,33,9,1,Shai Gilgeous-Alexander
22025,1628983,0022500247,"Nov 17, 2025",OKC @ NOP,W,29,5,9,0.556,3,5,0.6,10,10,1.0,1,1,2,8,3,1,3,3,23,32,1,Shai Gilgeous-Alexander
22025,1628983,0022500229,"Nov 15, 2025",OKC @ CHA,W,29,13,19,0.684,3,4,0.75,4,5,0.8,0,4,4,7,2,0,1,1,33,21,1,Shai Gilgeous-Alexander
22025,1628983,0022500222,"Nov 12, 2025",OKC vs. LAL,W,29,10,18,0.556,2,7,0.286,8,9,0.889,0,5,5,9,2,0,1,1,30,25,1,Shai Gilgeous-Alexander
22025,1628983,0022500210,"Nov 11, 2025",OKC vs. GSW,W,28,9,19,0.474,3,6,0.5,7,8,0.875,1,4,5,11,3,1,2,2,28,25,1,Shai Gilgeous-Alexander
22025,1628983,0022500194,"Nov 09, 2025",OKC @ MEM,W,35,11,22,0.5,3,9,0.333,10,11,0.909,1,6,7,6,2,0,1,0,35,28,1,Shai Gilgeous-Alexander
22025,1628983,0022500038,"Nov 07, 2025",OKC @ SAC,W,29,12,20,0.6,2,6,0.333,4,4,1.0,0,1,1,3,2,1,1,2,30,10,1,Shai Gilgeous-Alexander
22025,1628983,0022500180,"Nov 05, 2025",OKC @ POR,L,38,10,26,0.385,3,5,0.6,12,13,0.923,2,7,9,4,0,0,0,5,35,1,1,Shai Gilgeous-Alexander
22025,1628983,0022500170,"Nov 04, 2025",OKC @ LAC,W,29,9,14,0.643,4,5,0.8,8,9,0.889,0,4,4,12,0,3,2,2,30,2,1,Shai Gilgeous-Alexander
22025,1628983,0022500148,"Nov 02, 2025",OKC vs. NOP,W,30,8,14,0.571,1,5,0.2,13,13,1.0,0,2,2,7,1,0,3,1,30,24,1,Shai Gilgeous-Alexander
22025,1628983,0022500140,"Oct 30, 2025",OKC vs. WAS,W,29,11,20,0.55,3,6,0.5,6,6,1.0,0,3,3,7,0,1,0,1,31,8,1,Shai Gilgeous-Alexander
22025,1628983,0022500126,"Oct 28, 2025",OKC vs. SAC,W,36,14,26,0.538,1,5,0.2,2,2,1.0,0,9,9,4,1,3,1,2,31,-1,1,Shai Gilgeous-Alexander
22025,1628983,0022500119,"Oct 27, 2025",OKC @ DAL,W,35,10,22,0.455,1,3,0.333,2,2,1.0,0,4,4,8,1,0,4,0,23,7,1,Shai Gilgeous-Alexander
22025,1628983,0022500101,"Oct 25, 2025",OKC @ ATL,W,29,12,17,0.706,2,6,0.333,4,4,1.0,1,4,5,5,1,1,2,2,30,16,1,Shai Gilgeous-Alexander
22025,1628983,0022500005,"Oct 23, 2025",OKC @ IND,W,45,15,31,0.484,2,7,0.286,23,26,0.885,0,8,8,5,2,1,2,4,55,9,1,Shai Gilgeous-Alexander
22025,1628983,0022500001,"Oct 21, 2025",OKC vs. HOU,W,47,12,26,0.462,1,9,0.111,10,14,0.714,0,5,5,5,2,2,3,2,35,3,1,Shai Gilgeous-Alexander
22025,201142,0022500792,"Feb 19, 2026",HOU @ CHA,W,36,14,20,0.7,2,4,0.5,5,5,1.0,0,8,8,4,1,3,1,3,35,-4,1,Kevin Durant
22025,201142,0022500782,"Feb 11, 2026",HOU vs. LAC,L,36,7,15,0.467,3,9,0.333,4,5,0.8,1,7,8,6,0,1,8,1,21,6,1,Kevin Durant
22025,201142,0022500772,"Feb 10, 2026",HOU vs. LAC,W,38,8,22,0.364,3,7,0.429,7,7,1.0,1,5,6,3,2,0,5,1,26,3,1,Kevin Durant
22025,201142,0022500748,"Feb 07, 2026",HOU @ OKC,W,40,6,10,0.6,2,5,0.4,6,9,0.667,0,1,1,4,1,1,4,3,20,10,1,Kevin Durant
22025,201142,0022500737,"Feb 05, 2026",HOU vs. CHA,L,31,11,21,0.524,3,4,0.75,6,8,0.75,1,2,3,1,5,0,6,0,31,-11,1,Kevin Durant
22025,201142,0022500728,"Feb 04, 2026",HOU vs. BOS,L,33,4,11,0.364,0,4,0.0,7,7,1.0,0,5,5,1,2,1,2,1,15,-22,1,Kevin Durant
22025,201142,0022500701,"Jan 31, 2026",HOU vs. DAL,W,38,6,17,0.353,1,4,0.25,0,0,0.0,0,5,5,8,2,0,1,2,13,1,1,Kevin Durant
22025,201142,0022500682,"Jan 29, 2026",HOU @ ATL,W,34,12,22,0.545,3,8,0.375,4,4,1.0,1,4,5,4,0,0,3,2,31,12,1,Kevin Durant
22025,201142,0022500679,"Jan 28, 2026",HOU vs. SAS,L,36,8,17,0.471,2,4,0.5,6,6,1.0,1,1,2,6,0,1,3,2,24,-9,1,Kevin Durant
22025,201142,0022500662,"Jan 26, 2026",HOU vs. MEM,W,37,11,24,0.458,4,9,0.444,7,9,0.778,2,6,8,2,0,1,2,1,33,1,1,Kevin Durant
22025,201142,0022500635,"Jan 23, 2026",HOU @ DET,W,41,11,19,0.579,5,11,0.455,5,6,0.833,0,7,7,3,1,1,0,4,32,18,1,Kevin Durant
22025,201142,0022500628,"Jan 22, 2026",HOU @ PHI,L,44,13,21,0.619,5,8,0.625,5,6,0.833,0,7,7,3,0,1,8,2,36,-15,1,Kevin Durant
22025,201142,0022500615,"Jan 20, 2026",HOU vs. SAS,W,39,7,12,0.583,2,4,0.5,2,2,1.0,0,4,4,7,1,1,4,2,18,1,1,Kevin Durant
22025,201142,0022500604,"Jan 18, 2026",HOU vs. NOP,W,36,5,18,0.278,1,8,0.125,7,8,0.875,3,3,6,8,1,0,3,1,18,3,1,Kevin Durant
22025,201142,0022500591,"Jan 16, 2026",HOU vs. MIN,W,40,11,18,0.611,6,8,0.75,11,14,0.786,1,3,4,7,2,1,5,3,39,15,1,Kevin Durant
22025,201142,0022500581,"Jan 15, 2026",HOU vs. OKC,L,37,7,23,0.304,0,5,0.0,5,5,1.0,0,7,7,3,3,1,2,0,19,-20,1,Kevin Durant
22025,201142,0022500565,"Jan 13, 2026",HOU vs. CHI,W,40,12,23,0.522,1,5,0.2,3,4,0.75,2,8,10,4,0,0,3,2,28,4,1,Kevin Durant
22025,201142,0022500557,"Jan 11, 2026",HOU @ SAC,L,38,9,18,0.5,4,9,0.444,1,1,1.0,0,4,4,6,0,0,1,3,23,-9,1,Kevin Durant
22025,201142,0022500540,"Jan 09, 2026",HOU @ POR,L,39,11,20,0.55,4,9,0.444,4,4,1.0,2,10,12,4,0,2,2,0,30,5,1,Kevin Durant
22025,201142,0022500527,"Jan 07, 2026",HOU @ POR,L,37,14,26,0.538,2,6,0.333,7,9,0.778,0,4,4,0,0,1,3,2,37,-3,1,Kevin Durant
22025,201142,0022500505,"Jan 05, 2026",HOU vs. PHX,W,39,9,21,0.429,2,12,0.167,6,6,1.0,1,9,10,4,0,1,1,2,26,4,1,Kevin Durant
22025,201142,0022500491,"Jan 03, 2026",HOU @ DAL,L,38,14,26,0.538,2,7,0.286,4,5,0.8,0,5,5,7,0,3,2,4,34,15,1,Kevin Durant
22025,201142,0022500471,"Jan 01, 2026",HOU @ BKN,W,37,8,15,0.533,2,7,0.286,4,4,1.0,0,5,5,11,0,0,6,2,22,11,1,Kevin Durant
22025,201142,0022500453,"Dec 29, 2025",HOU vs. IND,W,34,13,20,0.65,2,6,0.333,2,3,0.667,0,6,6,5,0,1,3,0,30,14,1,Kevin Durant
22025,201142,0022500438,"Dec 27, 2025",HOU vs. CLE,W,29,11,17,0.647,2,4,0.5,6,7,0.857,0,4,4,7,0,0,3,1,30,24,1,Kevin Durant
22025,201142,0022500012,"Dec 25, 2025",HOU @ LAL,W,33,8,14,0.571,4,6,0.667,5,5,1.0,1,3,4,8,1,2,3,1,25,26,1,Kevin Durant
22025,201142,0022500422,"Dec 23, 2025",HOU @ LAC,L,29,8,15,0.533,1,4,0.25,5,5,1.0,1,4,5,1,0,2,3,1,22,-15,1,Kevin Durant
22025,201142,0022500401,"Dec 21, 2025",HOU @ SAC,L,48,8,21,0.381,3,9,0.333,5,6,0.833,1,9,10,8,0,0,2,3,24,2,1,Kevin Durant
22025,201142,0022500386,"Dec 20, 2025",HOU @ DEN,W,40,8,14,0.571,5,6,0.833,10,11,0.909,0,6,6,5,0,1,3,2,31,18,1,Kevin Durant
22025,201142,0022500375,"Dec 18, 2025",HOU @ NOP,L,43,12,15,0.8,4,6,0.667,4,4,1.0,0,7,7,2,1,4,6,2,32,-7,1,Kevin Durant
22025,201142,0022501225,"Dec 15, 2025",HOU @ DEN,L,44,8,14,0.571,2,3,0.667,7,8,0.875,0,5,5,7,1,5,5,3,25,2,1,Kevin Durant
22025,201142,0022501205,"Dec 11, 2025",HOU vs. LAC,W,37,5,14,0.357,3,5,0.6,3,3,1.0,0,1,1,3,0,0,5,1,16,-6,1,Kevin Durant
22025,201142,0022500356,"Dec 06, 2025",HOU @ DAL,L,31,11,20,0.55,1,3,0.333,4,4,1.0,0,1,1,3,0,0,1,1,27,-12,1,Kevin Durant
22025,201142,0022500346,"Dec 05, 2025",HOU vs. PHX,W,32,11,17,0.647,2,2,1.0,4,4,1.0,0,4,4,8,2,1,5,2,28,29,1,Kevin Durant
22025,201142,0022500330,"Dec 03, 2025",HOU vs. SAC,W,32,9,16,0.563,1,4,0.25,5,5,1.0,0,3,3,8,0,1,0,1,24,12,1,Kevin Durant
22025,201142,0022500316,"Dec 01, 2025",HOU @ UTA,L,40,10,25,0.4,2,7,0.286,10,12,0.833,0,9,9,5,0,0,5,3,32,-8,1,Kevin Durant
22025,201142,0022500301,"Nov 30, 2025",HOU @ UTA,W,30,10,14,0.714,3,4,0.75,2,2,1.0,1,6,7,4,3,1,1,2,25,28,1,Kevin Durant
22025,201142,0022500054,"Nov 21, 2025",HOU vs. DEN,L,35,5,15,0.333,1,5,0.2,2,3,0.667,1,7,8,2,2,1,2,3,13,-7,1,Kevin Durant
22025,201142,0022500255,"Nov 19, 2025",HOU @ CLE,W,37,6,18,0.333,1,6,0.167,7,8,0.875,0,3,3,3,0,0,4,2,20,6,1,Kevin Durant
22025,201142,0022500236,"Nov 16, 2025",HOU vs. ORL,W,45,13,24,0.542,2,8,0.25,7,7,1.0,0,5,5,6,0,1,5,2,35,4,1,Kevin Durant
22025,201142,0022500042,"Nov 14, 2025",HOU vs. POR,W,36,12,19,0.632,3,6,0.5,3,3,1.0,0,5,5,3,1,0,3,2,30,37,1,Kevin Durant
22025,201142,0022500218,"Nov 12, 2025",HOU vs. WAS,W,31,7,16,0.438,2,5,0.4,7,8,0.875,1,4,5,4,2,0,1,2,23,15,1,Kevin Durant
22025,201142,0022500191,"Nov 09, 2025",HOU @ MIL,W,37,11,15,0.733,2,2,1.0,7,9,0.778,0,3,3,7,0,0,3,2,31,2,1,Kevin Durant
22025,201142,0022500032,"Nov 07, 2025",HOU @ SAS,L,37,8,18,0.444,1,2,0.5,7,7,1.0,0,1,1,2,1,0,8,5,24,-8,1,Kevin Durant
22025,201142,0022500176,"Nov 05, 2025",HOU @ MEM,W,34,5,18,0.278,1,2,0.5,0,0,0.0,1,3,4,5,1,1,2,1,11,20,1,Kevin Durant
22025,201142,0022500160,"Nov 03, 2025",HOU vs. DAL,W,38,6,18,0.333,2,8,0.25,7,7,1.0,1,5,6,5,1,1,3,2,21,-1,1,Kevin Durant
22025,201142,0022500146,"Nov 01, 2025",HOU @ BOS,W,30,8,11,0.727,2,3,0.667,8,9,0.889,0,4,4,1,2,1,2,2,26,21,1,Kevin Durant
22025,201142,0022500131,"Oct 29, 2025",HOU @ TOR,W,37,11,19,0.579,4,8,0.5,5,8,0.625,0,5,5,1,0,3,2,2,31,20,1,Kevin Durant
22025,201142,0022500116,"Oct 27, 2025",HOU vs. BKN,W,25,6,14,0.429,0,4,0.0,7,7,1.0,0,6,6,3,1,0,3,4,19,10,1,Kevin Durant
22025,201142,0022500093,"Oct 24, 2025",HOU vs. DET,L,37,9,18,0.5,3,3,1.0,16,18,0.889,1,2,3,1,3,1,0,3,37,-1,1,Kevin Durant
22025,201142,0022500001,"Oct 21, 2025",HOU @ OKC,L,47,9,16,0.563,0,4,0.0,5,6,0.833,0,9,9,3,0,0,4,6,23,0,1,Kevin Durant
22025,203507,0022500640,"Jan 23, 2026",MIL vs. DEN,L,32,4,8,0.5,0,0,0.0,14,16,0.875,1,12,13,7,0,0,4,1,22,6,1,Giannis Antetokounmpo
22025,203507,0022500625,"Jan 21, 2026",MIL vs. OKC,L,31,8,11,0.727,0,0,0.0,3,6,0.5,2,12,14,7,1,0,3,2,19,-11,1,Giannis Antetokounmpo
22025,203507,0022500014,"Jan 19, 2026",MIL @ ATL,W,30,7,12,0.583,0,1,0.0,7,12,0.583,3,14,17,6,1,1,3,3,21,-8,1,Giannis Antetokounmpo
22025,203507,0022500582,"Jan 15, 2026",MIL @ SAS,L,22,7,12,0.583,1,1,1.0,6,9,0.667,2,3,5,1,2,0,3,1,21,-31,1,Giannis Antetokounmpo
22025,203507,0022500566,"Jan 13, 2026",MIL vs. MIN,L,31,9,13,0.692,0,1,0.0,7,14,0.5,0,8,8,5,1,0,7,4,25,-11,1,Giannis Antetokounmpo
22025,203507,0022500554,"Jan 11, 2026",MIL @ DEN,L,33,10,17,0.588,1,3,0.333,10,14,0.714,1,7,8,11,1,2,2,3,31,16,1,Giannis Antetokounmpo
22025,203507,0022500541,"Jan 09, 2026",MIL @ LAL,W,31,9,11,0.818,0,0,0.0,3,4,0.75,4,2,6,5,2,2,4,2,21,6,1,Giannis Antetokounmpo
22025,203507,0022500526,"Jan 07, 2026",MIL @ GSW,L,31,15,22,0.682,2,4,0.5,2,7,0.286,2,8,10,5,0,0,2,4,34,3,1,Giannis Antetokounmpo
22025,203507,0022500500,"Jan 04, 2026",MIL @ SAC,W,32,13,17,0.765,0,0,0.0,11,13,0.846,3,8,11,1,0,0,3,2,37,17,1,Giannis Antetokounmpo
22025,203507,0022500481,"Jan 02, 2026",MIL vs. CHA,W,30,11,18,0.611,0,0,0.0,8,8,1.0,2,8,10,5,1,0,3,1,30,21,1,Giannis Antetokounmpo
22025,203507,0022500469,"Dec 31, 2025",MIL vs. WAS,L,28,12,21,0.571,0,1,0.0,9,14,0.643,5,10,15,3,0,0,6,3,33,-4,1,Giannis Antetokounmpo
22025,203507,0022500447,"Dec 29, 2025",MIL @ CHA,W,25,11,16,0.688,0,1,0.0,2,4,0.5,2,2,4,7,1,0,2,3,24,4,1,Giannis Antetokounmpo
22025,203507,0022500437,"Dec 27, 2025",MIL @ CHI,W,25,10,15,0.667,1,3,0.333,8,10,0.8,1,7,8,1,1,1,2,2,29,13,1,Giannis Antetokounmpo
22025,203507,0022500331,"Dec 03, 2025",MIL vs. DET,W,3,0,0,0.0,0,0,0.0,2,2,1.0,0,1,1,1,0,0,0,0,2,-6,1,Giannis Antetokounmpo
22025,203507,0022500311,"Dec 01, 2025",MIL @ WAS,L,32,10,17,0.588,0,1,0.0,6,11,0.545,3,4,7,4,1,1,5,6,26,-2,1,Giannis Antetokounmpo
22025,203507,0022500297,"Nov 29, 2025",MIL vs. BKN,W,19,12,15,0.8,1,2,0.5,4,8,0.5,3,5,8,2,2,0,2,2,29,27,1,Giannis Antetokounmpo
22025,203507,0022500074,"Nov 28, 2025",MIL @ NYK,L,28,10,14,0.714,0,2,0.0,10,14,0.714,2,13,15,8,1,0,3,5,30,2,1,Giannis Antetokounmpo
22025,203507,0022500241,"Nov 17, 2025",MIL @ CLE,L,13,6,10,0.6,0,0,0.0,2,3,0.667,2,3,5,4,1,0,4,2,14,0,1,Giannis Antetokounmpo
22025,203507,0022500231,"Nov 15, 2025",MIL vs. LAL,L,32,9,15,0.6,1,1,1.0,13,18,0.722,5,5,10,5,0,1,5,3,32,-12,1,Giannis Antetokounmpo
22025,203507,0022500043,"Nov 14, 2025",MIL vs. CHA,W,40,12,18,0.667,0,1,0.0,1,3,0.333,2,5,7,18,2,1,7,3,25,18,1,Giannis Antetokounmpo
22025,203507,0022500203,"Nov 10, 2025",MIL @ DAL,W,37,11,18,0.611,1,2,0.5,7,12,0.583,3,5,8,6,1,3,5,5,30,12,1,Giannis Antetokounmpo
22025,203507,0022500191,"Nov 09, 2025",MIL vs. HOU,L,36,14,25,0.56,0,1,0.0,9,14,0.643,4,4,8,3,0,1,3,0,37,0,1,Giannis Antetokounmpo
22025,203507,0022500035,"Nov 07, 2025",MIL vs. CHI,W,37,16,32,0.5,1,3,0.333,8,11,0.727,4,11,15,9,2,2,4,1,41,16,1,Giannis Antetokounmpo
22025,203507,0022500165,"Nov 04, 2025",MIL @ TOR,L,24,9,14,0.643,0,0,0.0,4,6,0.667,3,5,8,3,0,1,1,3,22,-8,1,Giannis Antetokounmpo
22025,203507,0022500157,"Nov 03, 2025",MIL @ IND,W,32,14,21,0.667,1,2,0.5,4,9,0.444,5,8,13,5,2,0,3,4,33,8,1,Giannis Antetokounmpo
22025,203507,0022500142,"Nov 01, 2025",MIL vs. SAC,L,32,8,13,0.615,1,1,1.0,9,14,0.643,4,7,11,8,1,1,1,3,26,-1,1,Giannis Antetokounmpo
22025,203507,0022500125,"Oct 28, 2025",MIL vs. NYK,W,33,16,22,0.727,0,1,0.0,5,7,0.714,2,6,8,7,1,2,4,3,37,18,1,Giannis Antetokounmpo
22025,203507,0022500107,"Oct 26, 2025",MIL @ CLE,L,33,14,20,0.7,1,1,1.0,11,16,0.688,5,9,14,9,2,2,2,1,40,-5,1,Giannis Antetokounmpo
22025,203507,0022500092,"Oct 24, 2025",MIL @ TOR,W,38,11,14,0.786,2,2,1.0,7,12,0.583,7,13,20,7,0,1,5,2,31,18,1,Giannis Antetokounmpo
22025,203507,0022500086,"Oct 22, 2025",MIL vs. WAS,W,27,16,26,0.615,1,3,0.333,4,7,0.571,2,12,14,5,0,0,2,4,37,10,1,Giannis Antetokounmpo
22025,1629029,0022500740,"Feb 05, 2026",LAL vs. PHI,W,16,3,10,0.3,0,4,0.0,4,4,1.0,0,4,4,2,0,0,5,0,10,-10,1,Luka Doncic
22025,1629029,0022500719,"Feb 03, 2026",LAL @ BKN,W,29,8,18,0.444,4,11,0.364,4,6,0.667,1,5,6,5,1,0,5,1,24,19,1,Luka Doncic
22025,1629029,0022500708,"Feb 01, 2026",LAL @ NYK,L,37,10,23,0.435,5,14,0.357,5,6,0.833,0,15,15,8,0,0,3,2,30,-13,1,Luka Doncic
22025,1629029,0022500688,"Jan 30, 2026",LAL @ WAS,W,31,13,21,0.619,6,13,0.462,5,7,0.714,0,11,11,13,3,0,5,0,37,21,1,Luka Doncic
22025,1629029,0022500671,"Jan 28, 2026",LAL @ CLE,L,30,12,20,0.6,3,8,0.375,2,6,0.333,0,5,5,6,0,0,2,1,29,-23,1,Luka Doncic
22025,1629029,0022500661,"Jan 26, 2026",LAL @ CHI,W,38,15,25,0.6,8,14,0.571,8,12,0.667,0,7,7,12,0,0,3,2,46,6,1,Luka Doncic
22025,1629029,0022500648,"Jan 24, 2026",LAL @ DAL,W,39,8,15,0.533,3,8,0.375,14,15,0.933,0,8,8,11,1,1,5,2,33,18,1,Luka Doncic
22025,1629029,0022500633,"Jan 22, 2026",LAL @ LAC,L,39,11,27,0.407,3,13,0.231,7,10,0.7,1,10,11,8,3,0,1,2,32,-17,1,Luka Doncic
22025,1629029,0022500617,"Jan 20, 2026",LAL @ DEN,W,36,12,21,0.571,3,9,0.333,11,12,0.917,0,13,13,10,2,0,3,2,38,-2,1,Luka Doncic
22025,1629029,0022500607,"Jan 18, 2026",LAL vs. TOR,W,34,8,23,0.348,5,12,0.417,4,5,0.8,0,2,2,7,1,1,4,4,25,-3,1,Luka Doncic
22025,1629029,0022500586,"Jan 15, 2026",LAL vs. CHA,L,36,15,26,0.577,6,11,0.545,3,7,0.429,1,2,3,4,0,0,1,3,39,-13,1,Luka Doncic
22025,1629029,0022500569,"Jan 13, 2026",LAL vs. ATL,W,33,7,16,0.438,5,9,0.556,8,10,0.8,2,3,5,12,0,1,7,4,27,27,1,Luka Doncic
22025,1629029,0022500562,"Jan 12, 2026",LAL @ SAC,L,37,16,25,0.64,2,9,0.222,8,8,1.0,2,5,7,8,4,0,4,2,42,-10,1,Luka Doncic
22025,1629029,0022500541,"Jan 09, 2026",LAL vs. MIL,L,36,8,25,0.32,4,6,0.667,4,8,0.5,3,6,9,9,2,0,3,6,24,-14,1,Luka Doncic
22025,1629029,0022500523,"Jan 07, 2026",LAL @ SAS,L,38,13,26,0.5,2,9,0.222,10,16,0.625,0,10,10,10,3,0,7,3,38,-7,1,Luka Doncic
22025,1629029,0022500514,"Jan 06, 2026",LAL @ NOP,W,37,11,22,0.5,3,10,0.3,5,9,0.556,0,2,2,10,2,1,5,2,30,2,1,Luka Doncic
22025,1629029,0022500501,"Jan 04, 2026",LAL vs. MEM,W,39,10,20,0.5,4,10,0.4,12,13,0.923,2,7,9,8,0,1,3,2,36,9,1,Luka Doncic
22025,1629029,0022500485,"Jan 02, 2026",LAL vs. MEM,W,38,8,18,0.444,1,7,0.143,17,20,0.85,0,6,6,8,2,0,6,3,34,3,1,Luka Doncic
22025,1629029,0022500460,"Dec 30, 2025",LAL vs. DET,L,36,9,22,0.409,3,11,0.273,9,13,0.692,2,3,5,11,0,0,8,3,30,-15,1,Luka Doncic
22025,1629029,0022500446,"Dec 28, 2025",LAL vs. SAC,W,33,11,23,0.478,5,14,0.357,7,8,0.875,0,5,5,7,3,1,5,3,34,22,1,Luka Doncic
22025,1629029,0022500012,"Dec 25, 2025",LAL vs. HOU,L,34,9,17,0.529,3,8,0.375,4,7,0.571,0,5,5,7,1,2,6,2,25,-25,1,Luka Doncic
22025,1629029,0022500395,"Dec 20, 2025",LAL @ LAC,L,20,4,13,0.308,1,6,0.167,3,5,0.6,0,5,5,2,0,0,4,1,12,-13,1,Luka Doncic
22025,1629029,0022500379,"Dec 18, 2025",LAL @ UTA,W,40,14,28,0.5,4,12,0.333,13,16,0.813,2,9,11,14,5,0,1,2,45,-5,1,Luka Doncic
22025,1629029,0022501228,"Dec 14, 2025",LAL @ PHX,W,38,7,25,0.28,2,14,0.143,13,14,0.929,2,1,3,6,1,0,6,3,29,-5,1,Luka Doncic
22025,1629029,0022501204,"Dec 10, 2025",LAL vs. SAS,L,41,11,24,0.458,3,8,0.375,10,14,0.714,0,5,5,8,1,0,3,5,35,-2,1,Luka Doncic
22025,1629029,0022500362,"Dec 07, 2025",LAL @ PHI,W,39,9,24,0.375,2,9,0.222,11,14,0.786,1,14,15,11,0,2,5,1,31,12,1,Luka Doncic
22025,1629029,0022500317,"Dec 01, 2025",LAL vs. PHX,L,32,15,26,0.577,3,8,0.375,5,5,1.0,0,11,11,5,0,0,9,2,38,-25,1,Luka Doncic
22025,1629029,0022500308,"Nov 30, 2025",LAL vs. NOP,W,35,9,22,0.409,4,12,0.333,12,14,0.857,2,10,12,7,1,1,2,0,34,8,1,Luka Doncic
22025,1629029,0022500078,"Nov 28, 2025",LAL vs. DAL,W,40,10,18,0.556,4,9,0.444,11,11,1.0,0,5,5,11,0,1,4,4,35,15,1,Luka Doncic
22025,1629029,0022500059,"Nov 25, 2025",LAL vs. LAC,W,38,14,28,0.5,7,12,0.583,8,11,0.727,2,7,9,13,1,1,3,4,43,9,1,Luka Doncic
22025,1629029,0022500282,"Nov 23, 2025",LAL @ UTA,W,40,10,24,0.417,3,12,0.25,10,12,0.833,0,11,11,8,3,0,6,2,33,5,1,Luka Doncic
22025,1629029,0022500253,"Nov 18, 2025",LAL vs. UTA,W,34,11,22,0.5,2,10,0.2,13,16,0.813,0,5,5,10,4,0,8,4,37,10,1,Luka Doncic
22025,1629029,0022500231,"Nov 15, 2025",LAL @ MIL,W,38,9,19,0.474,5,11,0.455,18,20,0.9,1,8,9,6,1,2,3,1,41,25,1,Luka Doncic
22025,1629029,0022500045,"Nov 14, 2025",LAL @ NOP,W,40,6,16,0.375,3,8,0.375,9,13,0.692,1,6,7,12,2,1,3,1,24,30,1,Luka Doncic
22025,1629029,0022500222,"Nov 12, 2025",LAL @ OKC,L,33,7,20,0.35,1,7,0.143,4,7,0.571,1,6,7,7,2,0,4,3,19,-31,1,Luka Doncic
22025,1629029,0022500198,"Nov 10, 2025",LAL @ CHA,W,38,14,28,0.5,5,15,0.333,5,5,1.0,1,5,6,7,1,0,2,4,38,16,1,Luka Doncic
22025,1629029,0022500185,"Nov 08, 2025",LAL @ ATL,L,27,7,17,0.412,4,10,0.4,4,6,0.667,0,5,5,11,1,0,5,2,22,-21,1,Luka Doncic
22025,1629029,0022500179,"Nov 05, 2025",LAL vs. SAS,W,42,9,27,0.333,4,11,0.364,13,17,0.765,3,6,9,13,5,2,4,5,35,4,1,Luka Doncic
22025,1629029,0022500155,"Nov 02, 2025",LAL vs. MIA,W,38,9,22,0.409,1,11,0.091,10,12,0.833,0,11,11,10,3,0,5,1,29,14,1,Luka Doncic
22025,1629029,0022500024,"Oct 31, 2025",LAL @ MEM,W,39,14,27,0.519,6,15,0.4,10,13,0.769,1,11,12,6,0,0,5,3,44,-2,1,Luka Doncic
22025,1629029,0022500019,"Oct 24, 2025",LAL vs. MIN,W,35,14,23,0.609,5,12,0.417,16,19,0.842,1,10,11,8,0,0,3,4,49,18,1,Luka Doncic
22025,1629029,0022500002,"Oct 21, 2025",LAL vs. GSW,L,41,17,27,0.63,2,10,0.2,7,10,0.7,0,12,12,9,2,1,3,1,43,-8,1,Luka Doncic
22025,203999,0022500801,"Feb 19, 2026",DEN @ LAC,L,36,9,22,0.409,0,6,0.0,4,7,0.571,2,15,17,6,0,0,6,5,22,-6,1,Nikola Jokic
22025,203999,0022500787,"Feb 11, 2026",DEN vs. MEM,W,34,8,17,0.471,0,0,0.0,10,14,0.714,5,10,15,11,0,0,9,2,26,8,1,Nikola Jokic
22025,203999,0022500767,"Feb 09, 2026",DEN vs. CLE,L,33,6,11,0.545,0,2,0.0,10,12,0.833,2,12,14,11,2,1,7,0,22,-2,1,Nikola Jokic
22025,203999,0022500752,"Feb 07, 2026",DEN @ CHI,W,33,7,12,0.583,2,2,1.0,6,6,1.0,3,11,14,17,1,4,3,2,22,36,1,Nikola Jokic
22025,203999,0022500726,"Feb 04, 2026",DEN @ NYK,L,45,10,27,0.37,1,13,0.077,9,12,0.75,7,7,14,10,0,0,0,4,30,3,1,Nikola Jokic
22025,203999,0022500716,"Feb 03, 2026",DEN @ DET,L,33,9,19,0.474,3,5,0.6,3,3,1.0,4,11,15,4,2,1,5,3,24,-9,1,Nikola Jokic
22025,203999,0022500711,"Feb 01, 2026",DEN vs. OKC,L,29,6,9,0.667,1,2,0.5,3,4,0.75,2,5,7,8,1,0,6,2,16,-7,1,Nikola Jokic
22025,203999,0022500695,"Jan 30, 2026",DEN vs. LAC,W,25,8,11,0.727,2,3,0.667,13,17,0.765,2,10,12,5,3,0,1,3,31,11,1,Nikola Jokic
22025,203999,0022500450,"Dec 29, 2025",DEN @ MIA,L,19,9,14,0.643,1,4,0.25,2,3,0.667,2,3,5,8,0,0,2,1,21,-1,1,Nikola Jokic
22025,203999,0022500433,"Dec 27, 2025",DEN @ ORL,L,38,11,22,0.5,0,0,0.0,12,13,0.923,7,14,21,12,1,0,4,1,34,16,1,Nikola Jokic
22025,203999,0022500013,"Dec 25, 2025",DEN vs. MIN,W,43,15,21,0.714,4,6,0.667,22,23,0.957,5,11,16,15,0,2,5,2,56,15,1,Nikola Jokic
22025,203999,0022500415,"Dec 23, 2025",DEN @ DAL,L,36,12,22,0.545,5,10,0.5,0,0,0.0,3,4,7,14,4,0,4,4,29,2,1,Nikola Jokic
22025,203999,0022500405,"Dec 22, 2025",DEN vs. UTA,W,29,5,7,0.714,1,1,1.0,3,4,0.75,2,11,13,13,2,3,2,2,14,22,1,Nikola Jokic
22025,203999,0022500386,"Dec 20, 2025",DEN vs. HOU,L,29,9,20,0.45,1,4,0.25,6,7,0.857,2,5,7,5,0,0,5,5,25,-20,1,Nikola Jokic
22025,203999,0022500377,"Dec 18, 2025",DEN vs. ORL,W,38,10,17,0.588,0,2,0.0,3,4,0.75,1,10,11,13,2,0,6,1,23,20,1,Nikola Jokic
22025,203999,0022501225,"Dec 15, 2025",DEN vs. HOU,W,42,13,27,0.481,5,9,0.556,8,11,0.727,4,11,15,10,2,1,4,6,39,1,1,Nikola Jokic
22025,203999,0022501208,"Dec 11, 2025",DEN @ SAC,W,29,14,16,0.875,2,2,1.0,6,8,0.75,2,10,12,8,2,0,1,3,36,26,1,Nikola Jokic
22025,203999,0022500359,"Dec 07, 2025",DEN @ CHA,W,35,11,16,0.688,4,8,0.5,2,3,0.667,0,9,9,11,1,0,4,2,28,6,1,Nikola Jokic
22025,203999,0022500340,"Dec 05, 2025",DEN @ ATL,W,36,13,26,0.5,1,8,0.125,13,15,0.867,3,6,9,8,1,1,2,1,40,-15,1,Nikola Jokic
22025,203999,0022500325,"Dec 03, 2025",DEN @ IND,W,35,9,17,0.529,1,4,0.25,5,5,1.0,1,7,8,13,0,1,4,2,24,26,1,Nikola Jokic
22025,203999,0022500315,"Dec 01, 2025",DEN vs. DAL,L,37,10,24,0.417,3,10,0.3,6,7,0.857,4,16,20,13,1,2,2,2,29,-1,1,Nikola Jokic
22025,203999,0022500299,"Nov 29, 2025",DEN @ PHX,W,31,7,7,1.0,2,2,1.0,10,11,0.909,3,6,9,10,0,0,5,1,26,16,1,Nikola Jokic
22025,203999,0022500076,"Nov 28, 2025",DEN vs. SAS,L,36,7,10,0.7,1,1,1.0,6,8,0.75,2,7,9,10,1,1,4,5,21,-6,1,Nikola Jokic
22025,203999,0022500287,"Nov 24, 2025",DEN @ MEM,W,34,5,9,0.556,3,4,0.75,4,5,0.8,1,9,10,16,2,0,3,1,17,1,1,Nikola Jokic
22025,203999,0022500274,"Nov 22, 2025",DEN vs. SAC,L,37,16,28,0.571,3,6,0.5,9,10,0.9,7,6,13,7,0,0,2,4,44,2,1,Nikola Jokic
22025,203999,0022500054,"Nov 21, 2025",DEN @ HOU,W,39,11,20,0.55,4,8,0.5,8,10,0.8,4,6,10,9,2,2,4,5,34,4,1,Nikola Jokic
22025,203999,0022500260,"Nov 19, 2025",DEN @ NOP,W,34,10,18,0.556,2,4,0.5,6,7,0.857,4,7,11,12,0,0,9,6,28,9,1,Nikola Jokic
22025,203999,0022500248,"Nov 17, 2025",DEN vs. CHI,L,39,13,27,0.481,1,7,0.143,9,12,0.75,4,14,18,13,1,2,2,2,36,10,1,Nikola Jokic
22025,203999,0022500232,"Nov 15, 2025",DEN @ MIN,W,37,8,15,0.533,3,6,0.5,8,8,1.0,3,9,12,11,2,1,6,4,27,3,1,Nikola Jokic
22025,203999,0022500224,"Nov 12, 2025",DEN @ LAC,W,34,18,23,0.783,5,6,0.833,14,16,0.875,2,10,12,6,1,1,2,1,55,28,1,Nikola Jokic
22025,203999,0022500212,"Nov 11, 2025",DEN @ SAC,W,33,16,19,0.842,1,2,0.5,2,3,0.667,5,10,15,7,2,0,3,3,35,11,1,Nikola Jokic
22025,203999,0022500189,"Nov 08, 2025",DEN vs. IND,W,32,10,14,0.714,1,1,1.0,11,12,0.917,5,9,14,14,1,0,8,4,32,9,1,Nikola Jokic
22025,203999,0022500037,"Nov 07, 2025",DEN vs. GSW,W,28,12,15,0.8,2,3,0.667,0,0,0.0,2,7,9,9,0,1,1,2,26,16,1,Nikola Jokic
22025,203999,0022500178,"Nov 05, 2025",DEN vs. MIA,W,37,12,18,0.667,2,5,0.4,7,8,0.875,5,10,15,16,3,0,3,1,33,18,1,Nikola Jokic
22025,203999,0022500162,"Nov 03, 2025",DEN vs. SAC,W,36,14,22,0.636,4,10,0.4,2,3,0.667,2,5,7,14,4,2,1,3,34,18,1,Nikola Jokic
22025,203999,0022500026,"Oct 31, 2025",DEN @ POR,L,37,7,10,0.7,2,3,0.667,5,7,0.714,2,12,14,9,1,2,3,1,21,9,1,Nikola Jokic
22025,203999,0022500134,"Oct 29, 2025",DEN vs. NOP,W,28,10,15,0.667,1,2,0.5,0,0,0.0,2,10,12,10,2,0,2,4,21,25,1,Nikola Jokic
22025,203999,0022500008,"Oct 27, 2025",DEN @ MIN,W,36,9,10,0.9,0,0,0.0,7,7,1.0,6,13,19,10,2,1,3,4,25,17,1,Nikola Jokic
22025,203999,0022500104,"Oct 25, 2025",DEN vs. PHX,W,32,5,8,0.625,0,3,0.0,4,4,1.0,1,13,14,15,3,0,5,3,14,27,1,Nikola Jokic
22025,203999,0022500006,"Oct 23, 2025",DEN @ GSW,L,41,8,23,0.348,2,13,0.154,3,4,0.75,1,12,13,10,1,1,2,3,21,-10,1,Nikola Jokic
22025,203954,0022500754,"Feb 07, 2026",PHI @ PHX,W,33,9,19,0.474,4,7,0.571,11,13,0.846,1,8,9,3,0,1,2,3,33,-10,1,Joel Embiid
22025,203954,0022500740,"Feb 05, 2026",PHI @ LAL,L,39,13,19,0.684,1,2,0.5,8,8,1.0,1,6,7,7,1,2,3,2,35,7,1,Joel Embiid
22025,203954,0022500715,"Feb 02, 2026",PHI @ LAC,W,32,8,19,0.421,1,2,0.5,7,7,1.0,0,5,5,3,1,0,1,4,24,2,1,Joel Embiid
22025,203954,0022500699,"Jan 31, 2026",PHI vs. NOP,W,39,13,27,0.481,3,5,0.6,11,14,0.786,4,7,11,4,1,2,5,2,40,16,1,Joel Embiid
22025,203954,0022500680,"Jan 29, 2026",PHI vs. SAC,W,36,13,21,0.619,1,2,0.5,10,13,0.769,0,5,5,8,1,1,2,3,37,9,1,Joel Embiid
22025,203954,0022500666,"Jan 27, 2026",PHI vs. MIL,W,29,11,24,0.458,1,4,0.25,6,6,1.0,6,3,9,5,1,0,2,2,29,6,1,Joel Embiid
22025,203954,0022500643,"Jan 24, 2026",PHI vs. NYK,L,36,13,21,0.619,3,5,0.6,9,12,0.75,3,8,11,5,0,1,4,2,38,-3,1,Joel Embiid
22025,203954,0022500628,"Jan 22, 2026",PHI vs. HOU,W,46,10,19,0.526,1,3,0.333,11,12,0.917,3,12,15,10,1,1,5,1,32,21,1,Joel Embiid
22025,203954,0022500609,"Jan 19, 2026",PHI vs. IND,W,33,10,17,0.588,1,1,1.0,9,10,0.9,2,7,9,4,0,0,1,1,30,3,1,Joel Embiid
22025,203954,0022500589,"Jan 16, 2026",PHI vs. CLE,L,33,10,22,0.455,2,3,0.667,11,12,0.917,3,2,5,3,0,1,1,0,33,9,1,Joel Embiid
22025,203954,0022500572,"Jan 14, 2026",PHI vs. CLE,L,25,7,14,0.5,2,5,0.4,4,4,1.0,2,2,4,3,1,1,6,0,20,-18,1,Joel Embiid
22025,203954,0022500560,"Jan 12, 2026",PHI @ TOR,W,36,9,17,0.529,1,6,0.167,8,8,1.0,2,6,8,4,2,0,7,1,27,12,1,Joel Embiid
22025,203954,0022500533,"Jan 09, 2026",PHI @ ORL,W,31,7,17,0.412,0,3,0.0,8,9,0.889,3,6,9,3,1,1,4,2,22,4,1,Joel Embiid
22025,203954,0022500518,"Jan 07, 2026",PHI vs. WAS,W,25,10,14,0.714,1,2,0.5,7,8,0.875,0,7,7,2,0,2,2,3,28,27,1,Joel Embiid
22025,203954,0022500507,"Jan 05, 2026",PHI vs. DEN,L,40,13,22,0.591,1,4,0.25,5,5,1.0,6,4,10,2,0,1,6,2,32,8,1,Joel Embiid
22025,203954,0022500487,"Jan 03, 2026",PHI @ NYK,W,33,9,15,0.6,0,1,0.0,8,12,0.667,2,8,10,5,0,0,3,4,26,9,1,Joel Embiid
22025,203954,0022500473,"Jan 01, 2026",PHI @ DAL,W,35,9,18,0.5,0,3,0.0,4,5,0.8,0,4,4,6,0,1,2,1,22,9,1,Joel Embiid
22025,203954,0022500458,"Dec 30, 2025",PHI @ MEM,W,38,11,28,0.393,1,6,0.167,11,12,0.917,5,5,10,8,1,2,4,5,34,-5,1,Joel Embiid
22025,203954,0022500427,"Dec 26, 2025",PHI @ CHI,L,32,10,19,0.526,2,4,0.5,9,9,1.0,1,4,5,1,0,1,2,2,31,2,1,Joel Embiid
22025,203954,0022500410,"Dec 23, 2025",PHI vs. BKN,L,31,8,13,0.615,1,1,1.0,10,12,0.833,1,5,6,4,0,2,3,5,27,1,1,Joel Embiid
22025,203954,0022501217,"Dec 14, 2025",PHI @ ATL,L,30,8,20,0.4,1,3,0.333,5,6,0.833,6,8,14,1,1,2,3,2,22,-8,1,Joel Embiid
22025,203954,0022501211,"Dec 12, 2025",PHI vs. IND,W,32,12,23,0.522,2,8,0.25,13,18,0.722,2,7,9,3,1,0,3,3,39,16,1,Joel Embiid
22025,203954,0022500362,"Dec 07, 2025",PHI vs. LAL,L,30,4,21,0.19,0,6,0.0,8,8,1.0,2,5,7,2,1,1,0,1,16,11,1,Joel Embiid
22025,203954,0022500333,"Dec 04, 2025",PHI vs. GSW,W,25,5,13,0.385,0,5,0.0,2,2,1.0,0,6,6,3,0,1,3,1,12,2,1,Joel Embiid
22025,203954,0022500304,"Nov 30, 2025",PHI vs. ATL,L,30,6,14,0.429,0,3,0.0,6,8,0.75,1,3,4,2,1,1,2,2,18,-11,1,Joel Embiid
22025,203954,0022500184,"Nov 08, 2025",PHI vs. TOR,W,26,10,16,0.625,1,4,0.25,8,9,0.889,2,4,6,4,0,1,2,3,29,15,1,Joel Embiid
22025,203954,0022500167,"Nov 04, 2025",PHI @ CHI,L,26,7,21,0.333,1,6,0.167,5,6,0.833,2,4,6,2,3,4,3,2,20,1,1,Joel Embiid
22025,203954,0022500021,"Oct 31, 2025",PHI vs. BOS,L,25,6,13,0.462,1,2,0.5,7,7,1.0,1,5,6,3,0,2,4,2,20,2,1,Joel Embiid
22025,203954,0022500123,"Oct 28, 2025",PHI @ WAS,W,23,9,17,0.529,3,6,0.5,4,6,0.667,3,4,7,5,0,1,3,4,25,9,1,Joel Embiid
22025,203954,0022500102,"Oct 25, 2025",PHI vs. CHA,W,20,7,11,0.636,3,6,0.5,3,5,0.6,0,2,2,4,2,0,4,0,20,-2,1,Joel Embiid
22025,203954,0022500083,"Oct 22, 2025",PHI @ BOS,W,20,1,9,0.111,0,4,0.0,2,2,1.0,1,5,6,2,0,1,0,2,4,-16,1,Joel Embiid
22025,202695,0022500801,"Feb 19, 2026",LAC vs. DEN,W,33,8,18,0.444,1,7,0.143,6,8,0.75,1,3,4,3,0,0,2,0,23,-9,1,Kawhi Leonard
22025,202695,0022500782,"Feb 11, 2026",LAC @ HOU,W,33,9,20,0.45,1,5,0.2,8,9,0.889,3,9,12,4,4,0,4,2,27,3,1,Kawhi Leonard
22025,202695,0022500772,"Feb 10, 2026",LAC @ HOU,L,31,7,19,0.368,2,7,0.286,8,9,0.889,2,6,8,3,1,0,1,1,24,-16,1,Kawhi Leonard
22025,202695,0022500760,"Feb 08, 2026",LAC @ MIN,W,34,14,30,0.467,5,11,0.455,8,10,0.8,2,6,8,2,4,0,2,0,41,20,1,Kawhi Leonard
22025,202695,0022500746,"Feb 06, 2026",LAC @ SAC,W,36,9,19,0.474,1,5,0.2,12,12,1.0,0,9,9,7,2,0,2,1,31,19,1,Kawhi Leonard
22025,202695,0022500732,"Feb 04, 2026",LAC vs. CLE,L,27,10,20,0.5,2,6,0.333,3,3,1.0,0,7,7,4,1,0,4,1,25,-4,1,Kawhi Leonard
22025,202695,0022500715,"Feb 02, 2026",LAC vs. PHI,L,31,12,21,0.571,2,5,0.4,3,5,0.6,2,2,4,6,3,0,2,0,29,-9,1,Kawhi Leonard
22025,202695,0022500709,"Feb 01, 2026",LAC @ PHX,W,30,9,20,0.45,1,5,0.2,6,10,0.6,3,5,8,5,0,0,2,1,25,6,1,Kawhi Leonard
22025,202695,0022500695,"Jan 30, 2026",LAC @ DEN,L,31,8,18,0.444,1,4,0.25,4,5,0.8,0,3,3,6,2,0,2,2,21,-4,1,Kawhi Leonard
22025,202695,0022500670,"Jan 27, 2026",LAC @ UTA,W,28,9,18,0.5,3,7,0.429,0,0,0.0,3,4,7,4,0,1,2,1,21,24,1,Kawhi Leonard
22025,202695,0022500656,"Jan 25, 2026",LAC vs. BKN,W,25,9,17,0.529,2,7,0.286,8,9,0.889,1,4,5,2,1,1,1,0,28,14,1,Kawhi Leonard
22025,202695,0022500633,"Jan 22, 2026",LAC vs. LAL,W,26,9,19,0.474,3,7,0.429,3,3,1.0,1,4,5,4,1,0,2,2,24,1,1,Kawhi Leonard
22025,202695,0022500577,"Jan 14, 2026",LAC vs. WAS,W,30,9,22,0.409,7,11,0.636,8,8,1.0,0,3,3,4,4,0,1,0,33,7,1,Kawhi Leonard
22025,202695,0022500563,"Jan 12, 2026",LAC vs. CHA,W,31,11,19,0.579,5,9,0.556,8,9,0.889,0,5,5,3,0,0,1,0,35,8,1,Kawhi Leonard
22025,202695,0022500544,"Jan 10, 2026",LAC @ DET,W,31,8,13,0.615,4,7,0.571,6,9,0.667,1,7,8,1,4,0,3,1,26,12,1,Kawhi Leonard
22025,202695,0022500535,"Jan 09, 2026",LAC @ BKN,W,28,9,15,0.6,4,7,0.571,4,4,1.0,1,4,5,5,3,1,2,0,26,19,1,Kawhi Leonard
22025,202695,0022500522,"Jan 07, 2026",LAC @ NYK,L,36,10,20,0.5,3,7,0.429,2,3,0.667,0,3,3,4,3,0,3,1,25,-14,1,Kawhi Leonard
22025,202695,0022500508,"Jan 05, 2026",LAC vs. GSW,W,38,10,25,0.4,0,8,0.0,4,4,1.0,1,11,12,5,1,2,5,1,24,8,1,Kawhi Leonard
22025,202695,0022500493,"Jan 03, 2026",LAC vs. BOS,L,34,6,17,0.353,2,8,0.25,8,8,1.0,0,3,3,3,3,1,1,2,22,-12,1,Kawhi Leonard
22025,202695,0022500475,"Jan 01, 2026",LAC vs. UTA,W,39,16,29,0.552,6,16,0.375,7,9,0.778,0,7,7,3,2,2,3,2,45,8,1,Kawhi Leonard
22025,202695,0022500461,"Dec 30, 2025",LAC vs. SAC,W,33,11,19,0.579,5,9,0.556,6,7,0.857,1,4,5,5,3,1,1,1,33,31,1,Kawhi Leonard
22025,202695,0022500445,"Dec 28, 2025",LAC vs. DET,W,39,17,26,0.654,5,10,0.5,16,17,0.941,1,10,11,2,5,3,3,2,55,20,1,Kawhi Leonard
22025,202695,0022500431,"Dec 26, 2025",LAC @ POR,W,41,7,20,0.35,2,7,0.286,12,12,1.0,1,7,8,6,3,1,4,1,28,17,1,Kawhi Leonard
22025,202695,0022500422,"Dec 23, 2025",LAC vs. HOU,W,37,16,23,0.696,4,5,0.8,5,5,1.0,1,7,8,5,0,0,2,2,41,25,1,Kawhi Leonard
22025,202695,0022500395,"Dec 20, 2025",LAC vs. LAL,W,42,8,24,0.333,4,12,0.333,12,12,1.0,6,6,12,3,3,2,3,2,32,16,1,Kawhi Leonard
22025,202695,0022500369,"Dec 18, 2025",LAC @ OKC,L,32,9,17,0.529,0,5,0.0,4,4,1.0,2,6,8,6,1,0,3,0,22,-24,1,Kawhi Leonard
22025,202695,0022501226,"Dec 15, 2025",LAC vs. MEM,L,37,9,18,0.5,1,5,0.2,2,2,1.0,1,3,4,3,1,0,2,2,21,-11,1,Kawhi Leonard
22025,202695,0022501205,"Dec 11, 2025",LAC @ HOU,L,41,9,22,0.409,3,10,0.3,3,3,1.0,2,7,9,4,5,1,1,3,24,-1,1,Kawhi Leonard
22025,202695,0022500355,"Dec 06, 2025",LAC @ MIN,L,31,8,17,0.471,2,4,0.5,2,2,1.0,1,2,3,2,0,0,0,1,20,0,1,Kawhi Leonard
22025,202695,0022500347,"Dec 05, 2025",LAC @ MEM,L,35,10,23,0.435,2,9,0.222,2,2,1.0,0,8,8,4,1,1,1,2,24,-6,1,Kawhi Leonard
22025,202695,0022500327,"Dec 03, 2025",LAC @ ATL,W,35,7,21,0.333,1,7,0.143,6,6,1.0,3,3,6,5,2,0,3,0,21,17,1,Kawhi Leonard
22025,202695,0022500313,"Dec 01, 2025",LAC @ MIA,L,30,12,21,0.571,3,6,0.5,9,10,0.9,0,7,7,2,3,0,1,1,36,8,1,Kawhi Leonard
22025,202695,0022500300,"Nov 29, 2025",LAC vs. DAL,L,29,10,20,0.5,3,4,0.75,7,7,1.0,0,8,8,3,0,0,2,3,30,3,1,Kawhi Leonard
22025,202695,0022500079,"Nov 28, 2025",LAC vs. MEM,L,29,15,24,0.625,3,7,0.429,6,6,1.0,0,3,3,0,1,0,1,0,39,4,1,Kawhi Leonard
22025,202695,0022500059,"Nov 25, 2025",LAC @ LAL,L,28,6,14,0.429,1,5,0.2,6,6,1.0,0,5,5,3,1,0,3,3,19,-14,1,Kawhi Leonard
22025,202695,0022500278,"Nov 23, 2025",LAC @ CLE,L,26,6,13,0.462,3,5,0.6,5,5,1.0,0,3,3,2,3,0,4,4,20,3,1,Kawhi Leonard
22025,202695,0022500164,"Nov 03, 2025",LAC vs. MIA,L,37,10,21,0.476,2,8,0.25,5,5,1.0,2,2,4,4,4,2,2,1,27,-7,1,Kawhi Leonard
22025,202695,0022500027,"Oct 31, 2025",LAC vs. NOP,W,36,11,16,0.688,5,8,0.625,7,7,1.0,0,5,5,5,6,0,2,2,34,6,1,Kawhi Leonard
22025,202695,0022500127,"Oct 28, 2025",LAC @ GSW,L,31,7,17,0.412,1,4,0.25,3,3,1.0,1,5,6,1,1,0,1,0,18,-29,1,Kawhi Leonard
22025,202695,0022500112,"Oct 26, 2025",LAC vs. POR,W,35,11,21,0.524,4,6,0.667,4,4,1.0,0,10,10,4,2,0,2,2,30,0,1,Kawhi Leonard
22025,202695,0022500099,"Oct 24, 2025",LAC vs. PHX,W,33,11,21,0.524,1,4,0.25,4,5,0.8,1,4,5,5,1,1,2,0,27,9,1,Kawhi Leonard
22025,202695,0022500087,"Oct 22, 2025",LAC @ UTA,L,29,3,9,0.333,1,5,0.2,3,3,1.0,1,3,4,2,1,1,2,2,10,-25,1,Kawhi Leonard
22025,203076,0022500531,"Jan 08, 2026",DAL @ UTA,L,35,10,20,0.5,0,2,0.0,1,1,1.0,2,9,11,4,1,1,2,0,21,-6,1,Anthony Davis
22025,203076,0022500515,"Jan 06, 2026",DAL @ SAC,W,36,7,23,0.304,0,1,0.0,5,7,0.714,3,13,16,2,0,2,3,1,19,-6,1,Anthony Davis
22025,203076,0022500491,"Jan 03, 2026",DAL vs. HOU,W,39,9,15,0.6,0,2,0.0,8,9,0.889,1,11,12,3,0,5,5,2,26,-4,1,Anthony Davis
22025,203076,0022500473,"Jan 01, 2026",DAL vs. PHI,L,37,6,13,0.462,0,1,0.0,1,2,0.5,3,5,8,2,1,0,3,3,13,-14,1,Anthony Davis
22025,203076,0022500011,"Dec 25, 2025",DAL @ GSW,L,11,1,4,0.25,0,0,0.0,1,4,0.25,0,3,3,0,1,2,0,0,3,6,1,Anthony Davis
22025,203076,0022500415,"Dec 23, 2025",DAL vs. DEN,W,36,12,19,0.632,1,2,0.5,6,6,1.0,4,5,9,4,3,0,1,3,31,3,1,Anthony Davis
22025,203076,0022500404,"Dec 22, 2025",DAL @ NOP,L,35,16,28,0.571,1,3,0.333,2,3,0.667,6,11,17,2,1,1,4,4,35,-11,1,Anthony Davis
22025,203076,0022500387,"Dec 20, 2025",DAL @ PHI,L,34,11,20,0.55,0,2,0.0,2,2,1.0,5,10,15,2,0,1,1,3,24,-2,1,Anthony Davis
22025,203076,0022500376,"Dec 18, 2025",DAL vs. DET,W,37,7,18,0.389,1,2,0.5,0,0,0.0,3,11,14,2,0,3,2,2,15,6,1,Anthony Davis
22025,203076,0022501214,"Dec 12, 2025",DAL vs. BKN,W,33,10,21,0.476,0,1,0.0,4,5,0.8,5,9,14,3,3,2,3,3,24,6,1,Anthony Davis
22025,203076,0022500356,"Dec 06, 2025",DAL vs. HOU,W,30,14,19,0.737,0,1,0.0,1,2,0.5,2,6,8,2,2,1,0,3,29,11,1,Anthony Davis
22025,203076,0022500349,"Dec 05, 2025",DAL @ OKC,L,24,1,9,0.111,0,0,0.0,0,2,0.0,4,4,8,6,0,1,2,1,2,-18,1,Anthony Davis
22025,203076,0022500332,"Dec 03, 2025",DAL vs. MIA,W,28,7,17,0.412,2,4,0.5,1,2,0.5,1,16,17,4,1,3,4,0,17,5,1,Anthony Davis
22025,203076,0022500315,"Dec 01, 2025",DAL @ DEN,W,32,13,23,0.565,2,4,0.5,4,5,0.8,4,9,13,4,1,2,0,2,32,5,1,Anthony Davis
22025,203076,0022500078,"Nov 28, 2025",DAL @ LAL,L,28,6,10,0.6,0,1,0.0,0,0,0.0,2,3,5,5,0,3,0,2,12,-4,1,Anthony Davis
22025,203076,0022500133,"Oct 29, 2025",DAL vs. IND,W,7,2,4,0.5,0,0,0.0,0,0,0.0,1,3,4,0,1,0,2,0,4,-3,1,Anthony Davis
22025,203076,0022500119,"Oct 27, 2025",DAL vs. OKC,L,38,10,16,0.625,1,2,0.5,5,5,1.0,3,8,11,3,0,1,1,4,26,3,1,Anthony Davis
22025,203076,0022500111,"Oct 26, 2025",DAL vs. TOR,W,35,11,14,0.786,0,1,0.0,3,8,0.375,6,4,10,3,3,2,3,2,25,0,1,Anthony Davis
22025,203076,0022500096,"Oct 24, 2025",DAL vs. WAS,L,38,9,19,0.474,0,4,0.0,9,12,0.75,3,10,13,4,2,2,5,3,27,-3,1,Anthony Davis
22025,203076,0022500004,"Oct 22, 2025",DAL vs. SAS,L,32,7,22,0.318,2,4,0.5,6,6,1.0,4,9,13,1,2,1,0,4,22,-24,1,Anthony Davis
22025,201935,0022500793,"Feb 19, 2026",CLE vs. BKN,W,28,6,8,0.75,3,5,0.6,1,2,0.5,0,5,5,9,3,0,2,2,16,25,1,James Harden
22025,201935,0022500776,"Feb 11, 2026",CLE vs. WAS,W,28,1,4,0.25,1,4,0.25,10,12,0.833,0,4,4,11,0,1,6,3,13,18,1,James Harden
22025,201935,0022500767,"Feb 09, 2026",CLE @ DEN,W,36,7,16,0.438,2,7,0.286,6,6,1.0,3,7,10,7,0,3,2,3,22,9,1,James Harden
22025,201935,0022500756,"Feb 07, 2026",CLE @ SAC,W,32,7,13,0.538,5,8,0.625,4,4,1.0,0,2,2,8,1,0,3,1,23,-14,1,James Harden
22025,201935,0022500695,"Jan 30, 2026",LAC @ DEN,L,34,8,17,0.471,4,10,0.4,5,5,1.0,1,4,5,9,0,1,4,2,25,-17,1,James Harden
22025,201935,0022500670,"Jan 27, 2026",LAC @ UTA,W,31,5,14,0.357,3,8,0.375,3,4,0.75,1,2,3,10,4,0,2,1,16,5,1,James Harden
22025,201935,0022500656,"Jan 25, 2026",LAC vs. BKN,W,31,3,8,0.375,3,5,0.6,10,10,1.0,0,6,6,8,1,1,5,1,19,22,1,James Harden
22025,201935,0022500633,"Jan 22, 2026",LAC vs. LAL,W,38,6,21,0.286,2,6,0.333,4,4,1.0,1,6,7,10,2,0,7,0,18,13,1,James Harden
22025,201935,0022500614,"Jan 20, 2026",LAC @ CHI,L,31,9,25,0.36,3,9,0.333,3,3,1.0,0,5,5,6,0,0,6,2,24,-6,1,James Harden
22025,201935,0022500608,"Jan 19, 2026",LAC @ WAS,W,37,9,17,0.529,0,5,0.0,18,20,0.9,1,6,7,9,1,1,3,2,36,-3,1,James Harden
22025,201935,0022500590,"Jan 16, 2026",LAC @ TOR,W,42,10,27,0.37,2,15,0.133,9,10,0.9,0,2,2,10,1,1,4,4,31,-3,1,James Harden
22025,201935,0022500577,"Jan 14, 2026",LAC vs. WAS,W,37,5,17,0.294,2,9,0.222,10,10,1.0,1,4,5,8,0,0,2,2,22,1,1,James Harden
22025,201935,0022500563,"Jan 12, 2026",LAC vs. CHA,W,38,11,28,0.393,3,11,0.273,7,8,0.875,1,3,4,10,4,0,1,2,32,1,1,James Harden
22025,201935,0022500544,"Jan 10, 2026",LAC @ DET,W,37,4,20,0.2,1,7,0.143,10,11,0.909,2,5,7,7,3,0,5,1,19,-1,1,James Harden
22025,201935,0022500535,"Jan 09, 2026",LAC @ BKN,W,35,10,13,0.769,3,4,0.75,8,8,1.0,0,4,4,6,1,2,6,1,31,9,1,James Harden
22025,201935,0022500522,"Jan 07, 2026",LAC @ NYK,L,38,6,17,0.353,4,7,0.571,7,7,1.0,2,1,3,9,1,0,3,1,23,-5,1,James Harden
22025,201935,0022500493,"Jan 03, 2026",LAC vs. BOS,L,34,7,15,0.467,1,6,0.167,3,3,1.0,0,3,3,12,1,0,2,1,18,-24,1,James Harden
22025,201935,0022500475,"Jan 01, 2026",LAC vs. UTA,W,29,5,14,0.357,1,6,0.167,9,11,0.818,1,2,3,7,0,0,1,1,20,5,1,James Harden
22025,201935,0022500461,"Dec 30, 2025",LAC vs. SAC,W,30,6,14,0.429,1,6,0.167,8,10,0.8,0,3,3,5,1,0,0,0,21,19,1,James Harden
22025,201935,0022500445,"Dec 28, 2025",LAC vs. DET,W,40,7,23,0.304,3,9,0.333,11,11,1.0,1,3,4,7,0,0,3,3,28,10,1,James Harden
22025,201935,0022500431,"Dec 26, 2025",LAC @ POR,W,39,10,17,0.588,3,9,0.333,11,12,0.917,0,2,2,6,0,0,3,1,34,12,1,James Harden
22025,201935,0022500422,"Dec 23, 2025",LAC vs. HOU,W,35,7,14,0.5,3,8,0.375,12,13,0.923,0,4,4,6,2,0,4,2,29,19,1,James Harden
22025,201935,0022500395,"Dec 20, 2025",LAC vs. LAL,W,41,6,20,0.3,4,12,0.333,5,6,0.833,0,4,4,10,2,0,3,2,21,24,1,James Harden
22025,201935,0022501226,"Dec 15, 2025",LAC vs. MEM,L,31,4,10,0.4,4,6,0.667,1,4,0.25,2,1,3,6,3,0,3,2,13,-5,1,James Harden
22025,201935,0022501205,"Dec 11, 2025",LAC @ HOU,L,40,7,18,0.389,4,10,0.4,4,5,0.8,1,2,3,7,3,0,4,3,22,4,1,James Harden
22025,201935,0022500355,"Dec 06, 2025",LAC @ MIN,L,39,10,18,0.556,1,5,0.2,13,15,0.867,0,5,5,6,4,1,4,4,34,7,1,James Harden
22025,201935,0022500347,"Dec 05, 2025",LAC @ MEM,L,36,6,13,0.462,3,7,0.429,3,4,0.75,0,2,2,7,0,1,4,4,18,-17,1,James Harden
22025,201935,0022500327,"Dec 03, 2025",LAC @ ATL,W,37,11,24,0.458,5,14,0.357,0,0,0.0,0,4,4,9,3,0,1,2,27,24,1,James Harden
22025,201935,0022500313,"Dec 01, 2025",LAC @ MIA,L,20,2,6,0.333,1,4,0.25,6,7,0.857,0,2,2,3,0,0,5,1,11,-39,1,James Harden
22025,201935,0022500300,"Nov 29, 2025",LAC vs. DAL,L,37,5,17,0.294,2,6,0.333,17,19,0.895,0,8,8,11,0,1,7,1,29,-2,1,James Harden
22025,201935,0022500079,"Nov 28, 2025",LAC vs. MEM,L,40,6,18,0.333,4,13,0.308,7,7,1.0,1,6,7,11,2,0,5,5,23,3,1,James Harden
22025,201935,0022500059,"Nov 25, 2025",LAC @ LAL,L,37,9,21,0.429,3,12,0.25,8,8,1.0,1,4,5,9,2,0,5,3,29,-1,1,James Harden
22025,201935,0022500278,"Nov 23, 2025",LAC @ CLE,L,32,5,16,0.313,0,8,0.0,9,10,0.9,0,2,2,6,1,0,3,2,19,-15,1,James Harden
22025,201935,0022500268,"Nov 22, 2025",LAC @ CHA,W,35,17,26,0.654,10,16,0.625,11,14,0.786,1,2,3,7,1,0,2,1,55,22,1,James Harden
22025,201935,0022500264,"Nov 20, 2025",LAC @ ORL,L,31,8,16,0.5,5,11,0.455,10,12,0.833,1,4,5,8,2,0,5,1,31,-20,1,James Harden
22025,201935,0022500243,"Nov 17, 2025",LAC @ PHI,L,37,7,25,0.28,2,12,0.167,12,12,1.0,1,5,6,5,1,2,4,2,28,4,1,James Harden
22025,201935,0022500233,"Nov 16, 2025",LAC @ BOS,L,38,9,22,0.409,5,11,0.455,14,15,0.933,1,6,7,8,1,0,3,3,37,-8,1,James Harden
22025,201935,0022500046,"Nov 14, 2025",LAC @ DAL,W,51,13,25,0.52,6,12,0.5,9,11,0.818,2,12,14,11,1,2,3,3,41,8,1,James Harden
22025,201935,0022500224,"Nov 12, 2025",LAC vs. DEN,L,30,6,15,0.4,1,6,0.167,10,10,1.0,0,8,8,5,0,0,2,0,23,-24,1,James Harden
22025,201935,0022500206,"Nov 10, 2025",LAC vs. ATL,L,39,12,23,0.522,6,14,0.429,5,6,0.833,3,7,10,11,0,2,6,0,35,0,1,James Harden
22025,201935,0022500190,"Nov 08, 2025",LAC vs. PHX,L,41,4,15,0.267,2,10,0.2,3,4,0.75,0,0,0,13,0,0,3,2,13,-18,1,James Harden
22025,201935,0022500170,"Nov 04, 2025",LAC vs. OKC,L,30,7,17,0.412,5,9,0.556,6,6,1.0,0,6,6,6,1,0,2,2,25,2,1,James Harden
22025,201935,0022500164,"Nov 03, 2025",LAC vs. MIA,L,39,8,15,0.533,6,10,0.6,7,7,1.0,0,7,7,8,1,0,7,4,29,1,1,James Harden
22025,201935,0022500027,"Oct 31, 2025",LAC vs. NOP,W,39,8,19,0.421,4,13,0.308,4,5,0.8,1,4,5,14,2,0,4,2,24,3,1,James Harden
22025,201935,0022500127,"Oct 28, 2025",LAC @ GSW,L,32,6,15,0.4,1,5,0.2,7,7,1.0,0,4,4,1,2,0,3,1,20,-3,1,James Harden
22025,201935,0022500112,"Oct 26, 2025",LAC vs. POR,W,38,6,12,0.5,2,7,0.286,6,7,0.857,0,6,6,13,3,0,7,3,20,12,1,James Harden
22025,201935,0022500099,"Oct 24, 2025",LAC vs. PHX,W,28,8,12,0.667,5,7,0.714,9,9,1.0,0,7,7,7,0,1,4,2,30,22,1,James Harden
22025,201935,0022500087,"Oct 22, 2025",LAC @ UTA,L,29,5,12,0.417,2,9,0.222,3,4,0.75,0,2,2,11,0,0,2,1,15,-21,1,James Harden
22025,1628973,0022500796,"Feb 19, 2026",NYK vs. DET,L,38,12,20,0.6,3,7,0.429,6,6,1.0,0,6,6,8,2,0,6,4,33,-9,1,Jalen Brunson
22025,1628973,0022500780,"Feb 11, 2026",NYK @ PHI,W,30,3,6,0.5,2,3,0.667,0,0,0.0,1,3,4,4,0,0,2,1,8,21,1,Jalen Brunson
22025,1628973,0022500771,"Feb 10, 2026",NYK vs. IND,L,42,15,31,0.484,4,14,0.286,6,8,0.75,2,3,5,8,1,0,1,3,40,3,1,Jalen Brunson
22025,1628973,0022500757,"Feb 08, 2026",NYK @ BOS,W,33,12,21,0.571,4,8,0.5,3,3,1.0,1,2,3,8,0,0,3,1,31,20,1,Jalen Brunson
22025,1628973,0022500742,"Feb 06, 2026",NYK @ DET,L,31,4,20,0.2,0,8,0.0,4,6,0.667,0,4,4,4,2,0,0,2,12,-24,1,Jalen Brunson
22025,1628973,0022500726,"Feb 04, 2026",NYK vs. DEN,W,47,14,27,0.519,5,12,0.417,9,11,0.818,0,8,8,9,2,0,5,2,42,13,1,Jalen Brunson
22025,1628973,0022500718,"Feb 03, 2026",NYK @ WAS,W,31,7,16,0.438,1,6,0.167,6,7,0.857,0,1,1,4,2,0,0,2,21,32,1,Jalen Brunson
22025,1628973,0022500708,"Feb 01, 2026",NYK vs. LAL,W,37,4,15,0.267,2,6,0.333,2,2,1.0,1,6,7,13,1,0,1,0,12,11,1,Jalen Brunson
22025,1628973,0022500690,"Jan 30, 2026",NYK vs. POR,W,34,8,20,0.4,5,12,0.417,5,5,1.0,0,1,1,3,2,0,1,1,26,21,1,Jalen Brunson
22025,1628973,0022500675,"Jan 28, 2026",NYK @ TOR,W,30,5,13,0.385,0,3,0.0,3,3,1.0,0,1,1,4,0,1,4,4,13,3,1,Jalen Brunson
22025,1628973,0022500665,"Jan 27, 2026",NYK vs. SAC,W,35,9,17,0.529,4,8,0.5,6,7,0.857,0,3,3,4,0,1,2,2,28,17,1,Jalen Brunson
22025,1628973,0022500643,"Jan 24, 2026",NYK @ PHI,W,38,11,24,0.458,6,12,0.5,3,5,0.6,1,4,5,6,0,0,2,3,31,7,1,Jalen Brunson
22025,1628973,0022500622,"Jan 21, 2026",NYK vs. BKN,W,31,8,17,0.471,1,8,0.125,3,4,0.75,0,4,4,5,0,0,2,2,20,27,1,Jalen Brunson
22025,1628973,0022500016,"Jan 19, 2026",NYK vs. DAL,L,34,9,24,0.375,1,4,0.25,3,3,1.0,0,0,0,6,0,0,2,4,22,-15,1,Jalen Brunson
22025,1628973,0022500576,"Jan 14, 2026",NYK @ SAC,L,5,2,3,0.667,0,1,0.0,0,0,0.0,0,0,0,0,0,0,1,0,4,-8,1,Jalen Brunson
22025,1628973,0022500551,"Jan 11, 2026",NYK @ POR,W,37,10,19,0.526,3,9,0.333,3,3,1.0,0,6,6,8,1,0,2,4,26,18,1,Jalen Brunson
22025,1628973,0022500538,"Jan 09, 2026",NYK @ PHX,L,37,9,19,0.474,5,10,0.5,4,4,1.0,0,3,3,5,0,0,4,1,27,-2,1,Jalen Brunson
22025,1628973,0022500522,"Jan 07, 2026",NYK vs. LAC,W,33,9,12,0.75,4,5,0.8,4,4,1.0,0,3,3,7,0,1,2,2,26,-6,1,Jalen Brunson
22025,1628973,0022500502,"Jan 05, 2026",NYK @ DET,L,30,10,21,0.476,2,6,0.333,3,3,1.0,0,3,3,0,0,0,6,3,25,-18,1,Jalen Brunson
22025,1628973,0022500487,"Jan 03, 2026",NYK vs. PHI,L,35,10,21,0.476,2,4,0.5,9,12,0.75,0,4,4,4,0,0,4,1,31,-11,1,Jalen Brunson
22025,1628973,0022500479,"Jan 02, 2026",NYK vs. ATL,L,35,10,23,0.435,1,8,0.125,3,3,1.0,0,2,2,5,1,0,2,3,24,-9,1,Jalen Brunson
22025,1628973,0022500467,"Dec 31, 2025",NYK @ SAS,L,36,10,24,0.417,5,12,0.417,4,5,0.8,2,2,4,8,2,0,1,3,29,-1,1,Jalen Brunson
22025,1628973,0022500454,"Dec 29, 2025",NYK @ NOP,W,36,10,23,0.435,5,10,0.5,3,3,1.0,0,3,3,10,0,0,1,1,28,-1,1,Jalen Brunson
22025,1628973,0022500435,"Dec 27, 2025",NYK @ ATL,W,38,15,29,0.517,4,11,0.364,0,0,0.0,1,2,3,5,0,0,3,4,34,2,1,Jalen Brunson
22025,1628973,0022500009,"Dec 25, 2025",NYK vs. CLE,W,39,10,25,0.4,6,12,0.5,8,10,0.8,0,1,1,4,2,0,3,1,34,-17,1,Jalen Brunson
22025,1628973,0022500398,"Dec 21, 2025",NYK vs. MIA,W,38,15,26,0.577,6,13,0.462,11,11,1.0,0,3,3,8,0,0,0,5,47,10,1,Jalen Brunson
22025,1628973,0022500382,"Dec 19, 2025",NYK vs. PHI,L,37,7,22,0.318,1,7,0.143,7,8,0.875,3,3,6,9,0,0,0,3,22,-11,1,Jalen Brunson
22025,1628973,0022500372,"Dec 18, 2025",NYK @ IND,W,34,10,23,0.435,3,8,0.375,2,3,0.667,3,4,7,7,3,0,3,3,25,-16,1,Jalen Brunson
22025,1628973,0022501229,"Dec 13, 2025",NYK @ ORL,W,39,16,27,0.593,2,5,0.4,6,9,0.667,1,3,4,8,1,0,2,5,40,3,1,Jalen Brunson
22025,1628973,0022501202,"Dec 09, 2025",NYK @ TOR,W,39,13,19,0.684,6,9,0.667,3,5,0.6,0,3,3,4,0,1,3,1,35,4,1,Jalen Brunson
22025,1628973,0022500357,"Dec 07, 2025",NYK vs. ORL,W,38,10,23,0.435,1,7,0.143,9,12,0.75,1,1,2,9,0,0,2,2,30,11,1,Jalen Brunson
22025,1628973,0022500343,"Dec 05, 2025",NYK vs. UTA,W,31,9,17,0.529,6,9,0.667,9,9,1.0,0,2,2,4,0,0,0,2,33,37,1,Jalen Brunson
22025,1628973,0022500328,"Dec 03, 2025",NYK vs. CHA,W,37,9,16,0.563,1,5,0.2,7,8,0.875,0,2,2,5,3,0,2,3,26,12,1,Jalen Brunson
22025,1628973,0022500320,"Dec 02, 2025",NYK @ BOS,L,39,6,21,0.286,1,8,0.125,2,3,0.667,0,2,2,11,1,0,3,2,15,-4,1,Jalen Brunson
22025,1628973,0022500303,"Nov 30, 2025",NYK vs. TOR,W,34,6,19,0.316,1,6,0.167,5,5,1.0,2,4,6,7,0,0,2,0,18,25,1,Jalen Brunson
22025,1628973,0022500074,"Nov 28, 2025",NYK vs. MIL,W,39,12,21,0.571,4,6,0.667,9,10,0.9,1,0,1,5,1,0,3,2,37,10,1,Jalen Brunson
22025,1628973,0022500061,"Nov 26, 2025",NYK @ CHA,W,34,14,28,0.5,2,6,0.333,3,5,0.6,0,2,2,3,0,0,3,2,33,16,1,Jalen Brunson
22025,1628973,0022500285,"Nov 24, 2025",NYK @ BKN,W,33,10,19,0.526,4,9,0.444,3,3,1.0,1,2,3,3,1,0,0,1,27,9,1,Jalen Brunson
22025,1628973,0022500269,"Nov 22, 2025",NYK @ ORL,L,37,12,21,0.571,3,9,0.333,6,6,1.0,0,3,3,11,0,0,2,2,33,-13,1,Jalen Brunson
22025,1628973,0022500262,"Nov 19, 2025",NYK @ DAL,W,35,11,23,0.478,2,7,0.286,4,6,0.667,0,3,3,5,1,1,1,4,28,13,1,Jalen Brunson
22025,1628973,0022500215,"Nov 12, 2025",NYK vs. ORL,L,37,10,23,0.435,1,4,0.25,10,13,0.769,1,2,3,6,0,0,2,6,31,-20,1,Jalen Brunson
22025,1628973,0022500208,"Nov 11, 2025",NYK vs. MEM,W,36,11,19,0.579,6,9,0.667,4,4,1.0,0,5,5,10,0,0,6,1,32,22,1,Jalen Brunson
22025,1628973,0022500192,"Nov 09, 2025",NYK vs. BKN,W,29,6,14,0.429,3,8,0.375,4,4,1.0,0,0,0,7,0,0,4,1,19,36,1,Jalen Brunson
22025,1628973,0022500175,"Nov 05, 2025",NYK vs. MIN,W,33,9,20,0.45,3,7,0.429,2,2,1.0,1,6,7,10,1,0,4,4,23,16,1,Jalen Brunson
22025,1628973,0022500159,"Nov 03, 2025",NYK vs. WAS,W,32,6,17,0.353,1,5,0.2,3,3,1.0,0,1,1,9,1,0,2,1,16,21,1,Jalen Brunson
22025,1628973,0022500153,"Nov 02, 2025",NYK vs. CHI,W,32,10,22,0.455,4,11,0.364,7,7,1.0,0,5,5,3,2,0,2,2,31,5,1,Jalen Brunson
22025,1628973,0022500023,"Oct 31, 2025",NYK @ CHI,L,35,12,25,0.48,3,8,0.375,2,5,0.4,1,1,2,7,0,0,2,4,29,-6,1,Jalen Brunson
22025,1628973,0022500125,"Oct 28, 2025",NYK @ MIL,L,35,14,25,0.56,1,5,0.2,7,9,0.778,0,4,4,3,2,0,2,3,36,-11,1,Jalen Brunson
22025,1628973,0022500108,"Oct 26, 2025",NYK @ MIA,L,35,14,26,0.538,5,11,0.455,4,4,1.0,2,3,5,7,3,0,3,3,37,6,1,Jalen Brunson
22025,1628973,0022500018,"Oct 24, 2025",NYK vs. BOS,W,35,10,20,0.5,3,7,0.429,8,9,0.889,0,3,3,5,0,0,1,1,31,7,1,Jalen Brunson
22025,1628973,0022500003,"Oct 22, 2025",NYK vs. CLE,W,34,5,18,0.278,1,9,0.111,12,13,0.923,0,4,4,5,0,0,2,3,23,6,1,Jalen Brunson
22025,1628404,0022500796,"Feb 19, 2026",NYK vs. DET,L,28,5,8,0.625,0,0,0.0,1,2,0.5,0,4,4,3,0,0,1,1,11,-13,1,Josh Hart
22025,1628404,0022500780,"Feb 11, 2026",NYK @ PHI,W,29,2,9,0.222,1,3,0.333,1,1,1.0,2,5,7,9,1,0,1,0,6,32,1,Josh Hart
22025,1628404,0022500771,"Feb 10, 2026",NYK vs. IND,L,41,5,8,0.625,2,3,0.667,3,4,0.75,0,11,11,11,2,1,3,3,15,11,1,Josh Hart
22025,1628404,0022500757,"Feb 08, 2026",NYK @ BOS,W,26,7,14,0.5,2,6,0.333,3,4,0.75,0,6,6,3,0,0,1,4,19,10,1,Josh Hart
22025,1628404,0022500742,"Feb 06, 2026",NYK @ DET,L,25,2,7,0.286,1,2,0.5,0,0,0.0,0,6,6,2,0,0,1,1,5,-9,1,Josh Hart
22025,1628404,0022500718,"Feb 03, 2026",NYK @ WAS,W,22,1,3,0.333,1,3,0.333,1,2,0.5,0,7,7,7,0,0,0,0,4,34,1,Josh Hart
22025,1628404,0022500708,"Feb 01, 2026",NYK vs. LAL,W,36,8,11,0.727,3,4,0.75,1,1,1.0,0,4,4,2,0,1,0,3,20,7,1,Josh Hart
22025,1628404,0022500690,"Jan 30, 2026",NYK vs. POR,W,30,9,17,0.529,1,4,0.25,1,2,0.5,2,4,6,5,2,1,2,4,20,8,1,Josh Hart
22025,1628404,0022500675,"Jan 28, 2026",NYK @ TOR,W,35,7,11,0.636,4,7,0.571,4,6,0.667,1,4,5,6,2,0,2,4,22,10,1,Josh Hart
22025,1628404,0022500665,"Jan 27, 2026",NYK vs. SAC,W,31,2,6,0.333,0,2,0.0,3,3,1.0,1,8,9,4,3,0,4,2,7,-2,1,Josh Hart
22025,1628404,0022500643,"Jan 24, 2026",NYK @ PHI,W,37,4,9,0.444,1,3,0.333,1,5,0.2,5,8,13,7,0,1,1,3,10,5,1,Josh Hart
22025,1628404,0022500622,"Jan 21, 2026",NYK vs. BKN,W,25,5,5,1.0,1,1,1.0,0,0,0.0,0,9,9,3,1,0,2,2,11,19,1,Josh Hart
22025,1628404,0022500016,"Jan 19, 2026",NYK vs. DAL,L,28,3,6,0.5,2,5,0.4,0,0,0.0,1,5,6,3,0,0,2,5,8,-16,1,Josh Hart
22025,1628404,0022500584,"Jan 15, 2026",NYK @ GSW,L,37,1,7,0.143,0,2,0.0,3,4,0.75,2,3,5,10,0,0,1,2,5,-10,1,Josh Hart
22025,1628404,0022500576,"Jan 14, 2026",NYK @ SAC,L,32,4,7,0.571,2,4,0.5,0,2,0.0,0,5,5,5,0,1,2,2,10,-13,1,Josh Hart
22025,1628404,0022500551,"Jan 11, 2026",NYK @ POR,W,31,7,15,0.467,3,5,0.6,1,2,0.5,0,3,3,6,2,1,4,4,18,0,1,Josh Hart
22025,1628404,0022500009,"Dec 25, 2025",NYK vs. CLE,W,26,5,9,0.556,2,5,0.4,3,3,1.0,1,4,5,3,0,0,1,2,15,-19,1,Josh Hart
22025,1628404,0022500416,"Dec 23, 2025",NYK @ MIN,L,42,5,14,0.357,1,3,0.333,1,1,1.0,4,11,15,8,2,0,6,3,12,-5,1,Josh Hart
22025,1628404,0022500398,"Dec 21, 2025",NYK vs. MIA,W,33,5,10,0.5,3,5,0.6,0,0,0.0,1,9,10,5,2,0,0,3,13,4,1,Josh Hart
22025,1628404,0022500382,"Dec 19, 2025",NYK vs. PHI,L,34,2,7,0.286,1,3,0.333,0,0,0.0,2,8,10,6,1,0,3,1,5,-12,1,Josh Hart
22025,1628404,0022501229,"Dec 13, 2025",NYK @ ORL,W,31,6,12,0.5,0,4,0.0,0,0,0.0,1,5,6,6,3,1,3,6,12,-1,1,Josh Hart
22025,1628404,0022501202,"Dec 09, 2025",NYK @ TOR,W,36,8,11,0.727,4,7,0.571,1,1,1.0,1,5,6,4,2,0,3,0,21,13,1,Josh Hart
22025,1628404,0022500357,"Dec 07, 2025",NYK vs. ORL,W,34,7,13,0.538,3,5,0.6,0,0,0.0,0,12,12,1,2,1,0,2,17,-1,1,Josh Hart
22025,1628404,0022500343,"Dec 05, 2025",NYK vs. UTA,W,28,3,6,0.5,0,3,0.0,2,2,1.0,1,5,6,6,1,0,2,1,8,37,1,Josh Hart
22025,1628404,0022500328,"Dec 03, 2025",NYK vs. CHA,W,37,4,11,0.364,1,5,0.2,6,7,0.857,2,6,8,8,1,1,2,1,15,12,1,Josh Hart
22025,1628404,0022500320,"Dec 02, 2025",NYK @ BOS,L,36,7,11,0.636,4,7,0.571,1,1,1.0,2,5,7,4,1,0,2,3,19,-1,1,Josh Hart
22025,1628404,0022500303,"Nov 30, 2025",NYK vs. TOR,W,35,8,12,0.667,4,7,0.571,0,0,0.0,5,7,12,7,3,0,4,2,20,24,1,Josh Hart
22025,1628404,0022500074,"Nov 28, 2025",NYK vs. MIL,W,40,5,12,0.417,0,4,0.0,9,10,0.9,2,13,15,7,3,0,3,4,19,15,1,Josh Hart
22025,1628404,0022500061,"Nov 26, 2025",NYK @ CHA,W,34,8,13,0.615,4,6,0.667,2,2,1.0,2,6,8,7,3,0,2,5,22,20,1,Josh Hart
22025,1628404,0022500285,"Nov 24, 2025",NYK @ BKN,W,38,3,8,0.375,1,3,0.333,0,1,0.0,2,10,12,7,2,2,1,3,7,17,1,Josh Hart
22025,1628404,0022500269,"Nov 22, 2025",NYK @ ORL,L,29,5,9,0.556,1,5,0.2,1,1,1.0,1,4,5,2,0,0,2,6,12,-19,1,Josh Hart
22025,1628404,0022500262,"Nov 19, 2025",NYK @ DAL,W,30,5,10,0.5,3,4,0.75,3,4,0.75,3,7,10,5,1,1,1,5,16,8,1,Josh Hart
22025,1628404,0022500244,"Nov 17, 2025",NYK @ MIA,L,34,6,11,0.545,0,3,0.0,2,3,0.667,1,4,5,9,2,1,6,3,14,-11,1,Josh Hart
22025,1628404,0022500039,"Nov 14, 2025",NYK vs. MIA,W,34,5,8,0.625,1,1,1.0,1,2,0.5,1,10,11,10,1,0,3,4,12,3,1,Josh Hart
22025,1628404,0022500215,"Nov 12, 2025",NYK vs. ORL,L,18,4,10,0.4,1,5,0.2,1,1,1.0,1,2,3,2,1,1,3,2,10,-16,1,Josh Hart
22025,1628404,0022500208,"Nov 11, 2025",NYK vs. MEM,W,30,2,7,0.286,1,3,0.333,3,3,1.0,0,4,4,8,2,0,1,4,8,6,1,Josh Hart
22025,1628404,0022500192,"Nov 09, 2025",NYK vs. BKN,W,21,5,7,0.714,1,2,0.5,0,0,0.0,3,4,7,2,1,0,1,1,11,18,1,Josh Hart
22025,1628404,0022500175,"Nov 05, 2025",NYK vs. MIN,W,27,7,12,0.583,4,5,0.8,0,0,0.0,0,5,5,4,0,0,1,1,18,12,1,Josh Hart
22025,1628404,0022500159,"Nov 03, 2025",NYK vs. WAS,W,26,5,7,0.714,2,4,0.5,0,0,0.0,0,10,10,5,0,0,1,2,12,21,1,Josh Hart
22025,1628404,0022500153,"Nov 02, 2025",NYK vs. CHI,W,26,5,10,0.5,1,4,0.25,3,3,1.0,3,6,9,3,1,0,3,1,14,1,1,Josh Hart
22025,1628404,0022500023,"Oct 31, 2025",NYK @ CHI,L,15,0,1,0.0,0,1,0.0,0,0,0.0,0,1,1,1,0,0,1,2,0,-18,1,Josh Hart
22025,1628404,0022500125,"Oct 28, 2025",NYK @ MIL,L,26,1,5,0.2,1,4,0.25,0,0,0.0,1,3,4,4,2,0,2,0,3,-18,1,Josh Hart
22025,1628404,0022500108,"Oct 26, 2025",NYK @ MIA,L,29,2,5,0.4,0,2,0.0,2,4,0.5,3,2,5,5,1,0,3,1,6,2,1,Josh Hart
22025,1628404,0022500018,"Oct 24, 2025",NYK vs. BOS,W,19,1,8,0.125,0,3,0.0,0,0,0.0,6,8,14,3,0,0,0,3,2,-2,1,Josh Hart
22025,1629011,0022500796,"Feb 19, 2026",NYK vs. DET,L,19,2,4,0.5,0,0,0.0,3,6,0.5,4,2,6,0,2,1,0,1,7,-15,1,Mitchell Robinson
22025,1629011,0022500780,"Feb 11, 2026",NYK @ PHI,W,15,3,3,1.0,0,0,0.0,5,8,0.625,3,3,6,0,0,4,1,2,11,15,1,Mitchell Robinson
22025,1629011,0022500757,"Feb 08, 2026",NYK @ BOS,W,16,1,2,0.5,0,0,0.0,3,8,0.375,2,7,9,2,0,0,0,1,5,15,1,Mitchell Robinson
22025,1629011,0022500742,"Feb 06, 2026",NYK @ DET,L,20,2,2,1.0,0,0,0.0,0,0,0.0,0,3,3,0,0,0,0,3,4,-14,1,Mitchell Robinson
22025,1629011,0022500726,"Feb 04, 2026",NYK vs. DEN,W,23,5,5,1.0,0,0,0.0,0,0,0.0,1,7,8,0,1,1,0,5,10,3,1,Mitchell Robinson
22025,1629011,0022500708,"Feb 01, 2026",NYK vs. LAL,W,23,0,1,0.0,0,0,0.0,0,0,0.0,3,4,7,1,0,1,1,0,0,0,1,Mitchell Robinson
22025,1629011,0022500690,"Jan 30, 2026",NYK vs. POR,W,17,1,1,1.0,0,0,0.0,0,0,0.0,4,3,7,2,0,0,1,3,2,-1,1,Mitchell Robinson
22025,1629011,0022500665,"Jan 27, 2026",NYK vs. SAC,W,27,3,5,0.6,0,0,0.0,1,2,0.5,6,7,13,0,2,0,0,1,7,25,1,Mitchell Robinson
22025,1629011,0022500643,"Jan 24, 2026",NYK @ PHI,W,27,3,4,0.75,0,0,0.0,0,0,0.0,6,4,10,0,2,2,0,4,6,14,1,Mitchell Robinson
22025,1629011,0022500622,"Jan 21, 2026",NYK vs. BKN,W,17,3,3,1.0,0,0,0.0,1,2,0.5,3,4,7,0,1,2,1,3,7,20,1,Mitchell Robinson
22025,1629011,0022500016,"Jan 19, 2026",NYK vs. DAL,L,19,6,8,0.75,0,0,0.0,0,2,0.0,8,6,14,0,0,2,1,4,12,-11,1,Mitchell Robinson
22025,1629011,0022500596,"Jan 17, 2026",NYK vs. PHX,L,19,0,1,0.0,0,0,0.0,1,4,0.25,5,5,10,2,0,1,1,3,1,-5,1,Mitchell Robinson
22025,1629011,0022500576,"Jan 14, 2026",NYK @ SAC,L,19,3,3,1.0,0,0,0.0,2,4,0.5,7,4,11,0,1,1,0,3,8,-3,1,Mitchell Robinson
22025,1629011,0022500551,"Jan 11, 2026",NYK @ POR,W,25,3,5,0.6,0,0,0.0,0,0,0.0,6,5,11,2,3,3,0,1,6,11,1,Mitchell Robinson
22025,1629011,0022500538,"Jan 09, 2026",NYK @ PHX,L,24,4,5,0.8,0,0,0.0,0,0,0.0,8,6,14,1,0,0,1,3,8,0,1,Mitchell Robinson
22025,1629011,0022500522,"Jan 07, 2026",NYK vs. LAC,W,24,2,5,0.4,0,0,0.0,0,0,0.0,5,4,9,1,0,2,0,1,4,14,1,Mitchell Robinson
22025,1629011,0022500502,"Jan 05, 2026",NYK @ DET,L,25,1,3,0.333,0,0,0.0,0,0,0.0,3,7,10,1,0,1,0,1,2,-10,1,Mitchell Robinson
22025,1629011,0022500487,"Jan 03, 2026",NYK vs. PHI,L,19,1,2,0.5,0,0,0.0,0,1,0.0,3,2,5,2,2,0,1,5,2,-11,1,Mitchell Robinson
22025,1629011,0022500435,"Dec 27, 2025",NYK @ ATL,W,18,3,3,1.0,0,0,0.0,0,0,0.0,4,5,9,1,2,1,0,1,6,10,1,Mitchell Robinson
22025,1629011,0022500009,"Dec 25, 2025",NYK vs. CLE,W,17,0,1,0.0,0,0,0.0,0,2,0.0,8,5,13,2,0,1,1,2,0,0,1,Mitchell Robinson
22025,1629011,0022500416,"Dec 23, 2025",NYK @ MIN,L,26,1,4,0.25,0,0,0.0,0,0,0.0,6,1,7,1,1,2,2,3,2,-15,1,Mitchell Robinson
22025,1629011,0022500398,"Dec 21, 2025",NYK vs. MIA,W,22,3,4,0.75,0,0,0.0,3,3,1.0,2,5,7,2,2,1,0,3,9,6,1,Mitchell Robinson
22025,1629011,0022500382,"Dec 19, 2025",NYK vs. PHI,L,26,7,8,0.875,0,0,0.0,7,8,0.875,6,10,16,1,1,2,1,2,21,2,1,Mitchell Robinson
22025,1629011,0022501229,"Dec 13, 2025",NYK @ ORL,W,17,2,2,1.0,0,0,0.0,1,2,0.5,4,5,9,0,0,4,0,0,5,4,1,Mitchell Robinson
22025,1629011,0022501202,"Dec 09, 2025",NYK @ TOR,W,16,0,0,0.0,0,0,0.0,2,8,0.25,4,1,5,4,1,1,2,5,2,-6,1,Mitchell Robinson
22025,1629011,0022500357,"Dec 07, 2025",NYK vs. ORL,W,25,3,4,0.75,0,0,0.0,0,0,0.0,8,5,13,2,1,1,1,3,6,8,1,Mitchell Robinson
22025,1629011,0022500343,"Dec 05, 2025",NYK vs. UTA,W,16,2,2,1.0,0,0,0.0,0,0,0.0,3,4,7,1,2,1,1,1,4,13,1,Mitchell Robinson
22025,1629011,0022500320,"Dec 02, 2025",NYK @ BOS,L,16,0,0,0.0,0,0,0.0,1,4,0.25,4,1,5,0,0,0,0,0,1,-14,1,Mitchell Robinson
22025,1629011,0022500303,"Nov 30, 2025",NYK vs. TOR,W,17,1,4,0.25,0,0,0.0,0,2,0.0,7,8,15,0,0,0,0,1,2,17,1,Mitchell Robinson
22025,1629011,0022500074,"Nov 28, 2025",NYK vs. MIL,W,19,3,3,1.0,0,0,0.0,0,2,0.0,3,4,7,1,2,0,2,2,6,-4,1,Mitchell Robinson
22025,1629011,0022500061,"Nov 26, 2025",NYK @ CHA,W,17,0,0,0.0,0,0,0.0,0,0,0.0,0,5,5,1,3,1,0,1,0,18,1,Mitchell Robinson
22025,1629011,0022500269,"Nov 22, 2025",NYK @ ORL,L,17,3,3,1.0,0,0,0.0,0,0,0.0,1,2,3,0,0,2,1,4,6,-3,1,Mitchell Robinson
22025,1629011,0022500262,"Nov 19, 2025",NYK @ DAL,W,22,1,1,1.0,0,0,0.0,1,6,0.167,3,5,8,1,0,1,1,2,3,-12,1,Mitchell Robinson
22025,1629011,0022500244,"Nov 17, 2025",NYK @ MIA,L,18,2,3,0.667,0,0,0.0,1,2,0.5,5,6,11,1,1,0,1,2,5,4,1,Mitchell Robinson
22025,1629011,0022500039,"Nov 14, 2025",NYK vs. MIA,W,14,0,2,0.0,0,0,0.0,0,0,0.0,8,2,10,2,0,0,2,5,0,-5,1,Mitchell Robinson
22025,1629011,0022500215,"Nov 12, 2025",NYK vs. ORL,L,17,1,2,0.5,0,0,0.0,0,0,0.0,5,3,8,0,0,0,0,4,2,-11,1,Mitchell Robinson
22025,1629011,0022500192,"Nov 09, 2025",NYK vs. BKN,W,17,4,4,1.0,0,0,0.0,0,0,0.0,3,5,8,0,2,2,0,3,8,40,1,Mitchell Robinson
22025,1629011,0022500175,"Nov 05, 2025",NYK vs. MIN,W,16,4,5,0.8,0,0,0.0,0,1,0.0,9,1,10,1,1,3,1,1,8,7,1,Mitchell Robinson
22025,1629011,0022500153,"Nov 02, 2025",NYK vs. CHI,W,13,0,3,0.0,0,0,0.0,0,0,0.0,4,1,5,1,0,2,0,1,0,-1,1,Mitchell Robinson
22025,1629011,0022500023,"Oct 31, 2025",NYK @ CHI,L,20,2,3,0.667,0,0,0.0,0,0,0.0,6,5,11,2,0,0,1,3,4,0,1,Mitchell Robinson
22025,1628384,0022500796,"Feb 19, 2026",NYK vs. DET,L,32,3,13,0.231,1,8,0.125,1,2,0.5,0,0,0,0,0,4,0,4,8,1,1,OG Anunoby
22025,1628384,0022500726,"Feb 04, 2026",NYK vs. DEN,W,48,7,17,0.412,4,9,0.444,2,2,1.0,3,5,8,4,0,0,0,3,20,13,1,OG Anunoby
22025,1628384,0022500718,"Feb 03, 2026",NYK @ WAS,W,27,6,11,0.545,3,6,0.5,4,5,0.8,0,4,4,2,1,1,1,2,19,13,1,OG Anunoby
22025,1628384,0022500708,"Feb 01, 2026",NYK vs. LAL,W,34,9,15,0.6,4,8,0.5,3,4,0.75,3,5,8,3,3,0,1,1,25,21,1,OG Anunoby
22025,1628384,0022500690,"Jan 30, 2026",NYK vs. POR,W,31,10,16,0.625,4,8,0.5,0,0,0.0,1,5,6,3,0,1,3,3,24,34,1,OG Anunoby
22025,1628384,0022500675,"Jan 28, 2026",NYK @ TOR,W,34,11,18,0.611,2,6,0.333,2,3,0.667,0,3,3,5,6,2,0,3,26,18,1,OG Anunoby
22025,1628384,0022500665,"Jan 27, 2026",NYK vs. SAC,W,32,5,7,0.714,3,4,0.75,2,2,1.0,1,1,2,0,2,0,7,3,15,5,1,OG Anunoby
22025,1628384,0022500643,"Jan 24, 2026",NYK @ PHI,W,36,10,15,0.667,2,3,0.667,1,2,0.5,3,4,7,4,2,0,2,0,23,-8,1,OG Anunoby
22025,1628384,0022500622,"Jan 21, 2026",NYK vs. BKN,W,30,2,4,0.5,0,0,0.0,1,2,0.5,1,4,5,3,0,0,3,2,5,28,1,OG Anunoby
22025,1628384,0022500016,"Jan 19, 2026",NYK vs. DAL,L,31,3,8,0.375,1,4,0.25,2,2,1.0,2,4,6,2,3,1,3,3,9,-12,1,OG Anunoby
22025,1628384,0022500596,"Jan 17, 2026",NYK vs. PHX,L,39,6,17,0.353,1,7,0.143,8,10,0.8,3,5,8,5,3,1,4,1,21,-4,1,OG Anunoby
22025,1628384,0022500584,"Jan 15, 2026",NYK @ GSW,L,37,10,20,0.5,1,4,0.25,4,5,0.8,1,3,4,1,1,0,1,2,25,-6,1,OG Anunoby
22025,1628384,0022500576,"Jan 14, 2026",NYK @ SAC,L,27,5,13,0.385,0,6,0.0,5,8,0.625,1,2,3,4,0,2,1,4,15,-16,1,OG Anunoby
22025,1628384,0022500551,"Jan 11, 2026",NYK @ POR,W,34,9,15,0.6,4,7,0.571,2,2,1.0,1,6,7,3,1,0,1,3,24,10,1,OG Anunoby
22025,1628384,0022500538,"Jan 09, 2026",NYK @ PHX,L,38,3,9,0.333,2,5,0.4,7,9,0.778,3,5,8,3,0,0,1,1,15,5,1,OG Anunoby
22025,1628384,0022500522,"Jan 07, 2026",NYK vs. LAC,W,32,8,10,0.8,2,3,0.667,2,2,1.0,0,3,3,0,1,0,2,3,20,7,1,OG Anunoby
22025,1628384,0022500502,"Jan 05, 2026",NYK @ DET,L,29,1,4,0.25,0,2,0.0,3,4,0.75,0,2,2,1,3,1,2,2,5,-31,1,OG Anunoby
22025,1628384,0022500487,"Jan 03, 2026",NYK vs. PHI,L,37,6,11,0.545,3,5,0.6,4,4,1.0,4,2,6,6,1,1,4,3,19,-8,1,OG Anunoby
22025,1628384,0022500479,"Jan 02, 2026",NYK vs. ATL,L,35,5,13,0.385,1,6,0.167,8,10,0.8,2,8,10,1,2,0,3,4,19,-14,1,OG Anunoby
22025,1628384,0022500467,"Dec 31, 2025",NYK @ SAS,L,34,3,10,0.3,0,5,0.0,3,4,0.75,0,5,5,2,2,1,2,4,9,-25,1,OG Anunoby
22025,1628384,0022500454,"Dec 29, 2025",NYK @ NOP,W,37,8,22,0.364,1,8,0.125,6,6,1.0,2,9,11,1,3,1,2,3,23,16,1,OG Anunoby
22025,1628384,0022500435,"Dec 27, 2025",NYK @ ATL,W,38,3,10,0.3,2,5,0.4,7,7,1.0,3,7,10,5,3,1,1,4,15,0,1,OG Anunoby
22025,1628384,0022500009,"Dec 25, 2025",NYK vs. CLE,W,33,3,7,0.429,1,4,0.25,1,1,1.0,0,2,2,2,0,1,1,1,8,-3,1,OG Anunoby
22025,1628384,0022500398,"Dec 21, 2025",NYK vs. MIA,W,34,6,12,0.5,2,6,0.333,4,5,0.8,0,2,2,3,1,2,4,4,18,3,1,OG Anunoby
22025,1628384,0022500382,"Dec 19, 2025",NYK vs. PHI,L,32,1,9,0.111,0,4,0.0,0,0,0.0,2,1,3,1,0,1,2,2,2,-11,1,OG Anunoby
22025,1628384,0022500372,"Dec 18, 2025",NYK @ IND,W,34,5,13,0.385,2,7,0.286,4,7,0.571,1,5,6,1,2,0,3,3,16,11,1,OG Anunoby
22025,1628384,0022501229,"Dec 13, 2025",NYK @ ORL,W,40,8,13,0.615,3,4,0.75,5,6,0.833,1,5,6,4,3,1,4,2,24,14,1,OG Anunoby
22025,1628384,0022501202,"Dec 09, 2025",NYK @ TOR,W,36,4,11,0.364,1,6,0.167,4,4,1.0,1,5,6,1,2,2,3,3,13,6,1,OG Anunoby
22025,1628384,0022500357,"Dec 07, 2025",NYK vs. ORL,W,28,8,14,0.571,5,7,0.714,0,0,0.0,1,6,7,0,3,0,0,4,21,20,1,OG Anunoby
22025,1628384,0022500343,"Dec 05, 2025",NYK vs. UTA,W,23,4,8,0.5,0,2,0.0,3,4,0.75,0,0,0,1,0,0,2,1,11,7,1,OG Anunoby
22025,1628384,0022500039,"Nov 14, 2025",NYK vs. MIA,W,5,1,4,0.25,0,1,0.0,0,0,0.0,2,1,3,0,0,0,0,1,2,1,1,OG Anunoby
22025,1628384,0022500215,"Nov 12, 2025",NYK vs. ORL,L,34,2,4,0.5,2,4,0.5,2,2,1.0,0,4,4,1,1,2,3,3,8,1,1,OG Anunoby
22025,1628384,0022500208,"Nov 11, 2025",NYK vs. MEM,W,36,7,17,0.412,1,10,0.1,1,2,0.5,0,4,4,3,2,0,4,5,16,24,1,OG Anunoby
22025,1628384,0022500192,"Nov 09, 2025",NYK vs. BKN,W,27,6,11,0.545,4,6,0.667,3,4,0.75,4,4,8,3,1,0,1,1,19,32,1,OG Anunoby
22025,1628384,0022500175,"Nov 05, 2025",NYK vs. MIN,W,32,10,17,0.588,3,5,0.6,2,2,1.0,5,3,8,1,2,1,1,1,25,14,1,OG Anunoby
22025,1628384,0022500159,"Nov 03, 2025",NYK vs. WAS,W,32,7,13,0.538,2,5,0.4,0,0,0.0,1,5,6,2,5,0,2,1,16,9,1,OG Anunoby
22025,1628384,0022500153,"Nov 02, 2025",NYK vs. CHI,W,35,8,17,0.471,3,7,0.429,2,2,1.0,0,2,2,4,2,1,1,1,21,22,1,OG Anunoby
22025,1628384,0022500023,"Oct 31, 2025",NYK @ CHI,L,36,10,13,0.769,5,7,0.714,1,2,0.5,1,3,4,3,1,1,1,4,26,6,1,OG Anunoby
22025,1628384,0022500125,"Oct 28, 2025",NYK @ MIL,L,34,3,11,0.273,1,6,0.167,2,3,0.667,2,4,6,5,1,1,2,4,9,-6,1,OG Anunoby
22025,1628384,0022500108,"Oct 26, 2025",NYK @ MIA,L,37,4,13,0.308,4,12,0.333,2,2,1.0,1,5,6,1,3,1,2,4,14,4,1,OG Anunoby
22025,1628384,0022500018,"Oct 24, 2025",NYK vs. BOS,W,29,3,10,0.3,2,7,0.286,2,2,1.0,1,1,2,1,2,0,1,3,10,10,1,OG Anunoby
22025,1628384,0022500003,"Oct 22, 2025",NYK vs. CLE,W,38,9,17,0.529,4,9,0.444,2,4,0.5,2,12,14,2,3,1,4,0,24,10,1,OG Anunoby
